CustomerID_norm,FirstOrderDate,LastOrderDate,TotalOrders,TotalRevenue,AOV,RecencyDays,RepeatFlag,ChurnFlag,LastChannel,Segment (VIP/Loyal/At Risk/Lost)
COLLAB-ANH THƠ,08/04/2025,06/05/2025,4,4117600,1029400,349,1,0,Zalo,Loyal
COLLAB-HANG,17/08/2023,17/08/2023,1,747000,747000,977,0,1,Nowzone,Lost
COLLAB-HATRIET,17/05/2023,16/09/2025,6,15258000,2543000,216,1,0,Zalo,Loyal
COLLAB-HCM-MINHHUY,10/03/2026,10/03/2026,1,880000,880000,41,0,0,Zalo,Loyal
COLLAB-HCM-MTRANG,05/12/2021,30/12/2024,3,3752000,1250666.667,476,1,1,Nowzone,At Risk
COLLAB-HCM-TANGHIEU,31/12/2025,16/04/2026,2,6160000,3080000,4,1,0,Zalo,Loyal
COLLAB-LBTX,23/12/2025,23/12/2025,1,688000,688000,118,0,0,Collaborator,Loyal
COLLAB-LETRUNG,23/12/2025,31/12/2025,2,1100800,550400,110,1,0,Collaborator,Loyal
COLLAB-MANABU,21/07/2022,06/12/2023,12,16194750,1349562.5,866,1,1,Nowzone,Lost
COLLAB-MINHTAN,14/10/2025,05/11/2025,2,2988400,1494200,166,1,0,Zalo,Loyal
COLLAB-MOON,28/03/2024,12/01/2026,11,19687000,1789727.273,98,1,0,Nowzone,Loyal
COLLAB-NCSO,03/11/2024,07/11/2024,2,1010000,505000,529,1,1,Nowzone,At Risk
COLLAB-PHANHUNG,09/04/2026,09/04/2026,1,0,0,11,0,0,Collaborator,Loyal
COLLAB-PNBTHO,31/03/2021,31/03/2021,1,620000,620000,"1,846",0,1,Nowzone,Lost
COLLAB-PQHUY,25/12/2023,25/12/2023,1,1026000,1026000,847,0,1,Nowzone,Lost
COLLAB-TTR,16/04/2026,16/04/2026,1,1316000,1316000,4,0,0,Zalo,Loyal
COLLAB-TUANGAU,09/02/2026,09/02/2026,1,2368000,2368000,70,0,0,Collaborator,Loyal
CS-HCM-7GOLF,21/07/2024,21/07/2024,1,2880000,2880000,638,0,1,Collaborator,At Risk
CS-HCM-BBTN,22/10/2023,22/10/2023,1,1680000,1680000,911,0,1,Nowzone,Lost
KH000001,05/11/2025,05/11/2025,1,1375000,1375000,166,0,0,Tiki,Loyal
KH000002,19/12/2023,19/12/2023,1,468000,468000,853,0,1,Nowzone,Lost
KH000003,01/11/2025,01/11/2025,1,4700000,4700000,170,0,0,Takashimaya,Loyal
KH000004,30/11/2021,17/11/2025,12,9330520,777543.3333,154,1,0,Internal,Loyal
KH000006,01/11/2025,01/11/2025,1,7680000,7680000,170,0,0,Takashimaya,Loyal
KH000009,01/11/2025,05/04/2026,35,82351940,2352912.571,15,1,0,Takashimaya,VIP
KH000010,01/11/2025,19/04/2026,179,600074160,3352369.609,1,1,0,Takashimaya,VIP
KH000011,01/06/2021,19/02/2022,3,4270000,1423333.333,"1,521",1,1,Shopee,Lost
KH000012,24/06/2021,24/06/2021,1,830000,830000,"1,761",0,1,Shopee,Lost
KH000013,26/05/2021,24/06/2021,2,2822000,1411000,"1,761",1,1,Website,Lost
KH000014,24/06/2021,24/06/2021,1,800000,800000,"1,761",0,1,Shopee,Lost
KH000016,17/09/2021,21/04/2022,3,6529160,2176386.667,"1,460",1,1,Website,Lost
KH000020,12/08/2022,12/08/2022,1,315000,315000,"1,347",0,1,Internal,Lost
KH000021,24/02/2022,11/01/2023,3,9134400,3044800,"1,195",1,1,Internal,Lost
KH000022,11/01/2023,01/07/2023,3,1132000,377333.3333,"1,024",1,1,Internal,Lost
KH000023,05/01/2021,12/12/2022,8,4453000,556625,"1,225",1,1,Shopee,Lost
KH000024,23/06/2021,23/06/2021,1,880000,880000,"1,762",0,1,Internal,Lost
KH000025,01/11/2025,01/11/2025,1,1090000,1090000,170,0,0,Takashimaya,Loyal
KH000027,02/11/2025,02/11/2025,1,5500000,5500000,169,0,0,Takashimaya,Loyal
KH000028,02/11/2025,02/11/2025,1,1626000,1626000,169,0,0,Takashimaya,Loyal
KH000034,25/06/2021,25/06/2021,1,980000,980000,"1,760",0,1,Tiki,Lost
KH000035,07/06/2021,30/06/2025,22,94632300,4301468.182,294,1,0,Internal,Loyal
KH000037,28/06/2021,06/07/2021,2,4600000,2300000,"1,749",1,1,Internal,Lost
KH000038,05/11/2025,05/11/2025,1,1238000,1238000,166,0,0,Website,Loyal
KH000039,05/11/2025,29/01/2026,2,14180000,7090000,81,1,0,Website,Loyal
KH000046,01/07/2021,01/07/2021,1,800000,800000,"1,754",0,1,Nowzone,Lost
KH000049,25/06/2021,06/07/2021,2,1860000,930000,"1,749",1,1,Tiki,Lost
KH000050,29/04/2021,29/04/2021,1,394200,394200,"1,817",0,1,Website,Lost
KH000053,05/07/2021,28/10/2025,7,10725185,1532169.286,174,1,0,Nowzone,Loyal
KH000054,05/07/2021,05/07/2021,1,1080000,1080000,"1,750",0,1,Internal,Lost
KH000056,07/07/2021,07/07/2021,1,1828000,1828000,"1,748",0,1,Internal,Lost
KH000058,10/07/2021,10/07/2021,1,400000,400000,"1,745",0,1,Shopee,Lost
KH000059,03/11/2025,03/11/2025,1,450000,450000,168,0,0,Nowzone,Loyal
KH000062,10/07/2021,10/07/2021,1,800000,800000,"1,745",0,1,Lazada,Lost
KH000063,05/11/2025,05/11/2025,1,750000,750000,166,0,0,Internal,Loyal
KH000064,05/11/2025,28/11/2025,3,2156000,718666.6667,143,1,0,Zalo,Loyal
KH000068,07/07/2021,27/12/2022,6,14745400,2457566.667,"1,210",1,1,Internal,Lost
KH000072,28/02/2021,08/07/2021,2,3083000,1541500,"1,747",1,1,Facebook,Lost
KH000073,26/04/2021,21/02/2026,6,18982700,3163783.333,58,1,0,Internal,VIP
KH000074,19/06/2021,18/02/2024,13,8833880,679529.2308,792,1,1,Facebook,Lost
KH000075,14/06/2021,29/11/2023,11,41027700,3729790.909,873,1,1,Website,Lost
KH000076,27/10/2021,27/10/2021,1,1080000,1080000,"1,636",0,1,Internal,Lost
KH000077,21/07/2021,21/07/2021,1,650000,650000,"1,734",0,1,Shopee,Lost
KH000078,12/07/2021,02/10/2025,9,11735560,1303951.111,200,1,0,Facebook,Loyal
KH000079,12/07/2021,16/07/2021,2,1636800,818400,"1,739",1,1,Lazada,Lost
KH000080,23/07/2021,23/07/2021,1,880000,880000,"1,732",0,1,Shopee,Lost
KH000081,31/07/2025,31/07/2025,1,1080000,1080000,263,0,0,Website,Loyal
KH000084,26/02/2020,13/12/2021,5,5246000,1049200,"1,589",1,1,Zalo,Lost
KH000087,16/07/2021,16/07/2021,1,2260000,2260000,"1,739",0,1,Shopee,Lost
KH000090,20/01/2021,20/01/2021,1,1660000,1660000,"1,916",0,1,Facebook,Lost
KH000091,22/07/2021,22/07/2021,1,1680000,1680000,"1,733",0,1,Shopee,Lost
KH000093,04/11/2025,04/11/2025,1,1238000,1238000,167,0,0,Takashimaya,Loyal
KH000094,05/11/2025,07/11/2025,2,2850000,1425000,164,1,0,Facebook,Loyal
KH000095,23/07/2021,31/07/2021,2,7500000,3750000,"1,724",1,1,Facebook,Lost
KH000097,25/07/2021,25/07/2021,1,880000,880000,"1,730",0,1,Facebook,Lost
KH000099,29/07/2021,29/01/2026,13,20902800,1607907.692,81,1,0,Website,VIP
KH000100,05/11/2025,23/01/2026,2,9100000,4550000,87,1,0,Takashimaya,Loyal
KH000101,23/02/2021,16/03/2026,7,6232000,890285.7143,35,1,0,Website,Loyal
KH000102,30/07/2021,03/08/2021,2,1600000,800000,"1,721",1,1,Shopee,Lost
KH000103,01/08/2021,01/08/2021,1,2515699,2515699,"1,723",0,1,Lazada,Lost
KH000104,03/08/2021,03/08/2021,1,1108199,1108199,"1,721",0,1,Lazada,Lost
KH000105,07/11/2025,07/11/2025,1,3600000,3600000,164,0,0,Zalo,Loyal
KH000106,31/07/2021,31/07/2021,1,712000,712000,"1,724",0,1,Facebook,Lost
KH000107,31/07/2021,30/10/2024,2,4401000,2200500,537,1,1,Facebook,At Risk
KH000108,05/08/2021,05/08/2021,1,602171,602171,"1,719",0,1,Lazada,Lost
KH000109,04/08/2021,10/08/2021,3,4090999,1363666.333,"1,714",1,1,Lazada,Lost
KH000110,02/08/2021,13/03/2025,2,3684200,1842100,403,1,1,Website,At Risk
KH000111,08/08/2021,08/08/2021,1,1180000,1180000,"1,716",0,1,Internal,Lost
KH000114,11/08/2021,11/08/2021,1,850000,850000,"1,713",0,1,Facebook,Lost
KH000119,13/08/2021,13/08/2021,1,1560000,1560000,"1,711",0,1,Shopee,Lost
KH000120,03/08/2021,03/08/2021,1,1080000,1080000,"1,721",0,1,Shopee,Lost
KH000135,06/11/2025,06/11/2025,1,1680000,1680000,165,0,0,Takashimaya,Loyal
KH000137,12/12/2025,12/12/2025,1,2100000,2100000,129,0,0,Takashimaya,Loyal
KH000138,11/09/2021,11/09/2021,1,1900000,1900000,"1,682",0,1,Lazada,Lost
KH000139,06/11/2025,06/11/2025,1,450000,450000,165,0,0,Takashimaya,Loyal
KH000141,22/08/2021,22/08/2021,1,1561000,1561000,"1,702",0,1,Internal,Lost
KH000142,07/11/2025,07/11/2025,1,450000,450000,164,0,0,Website,Loyal
KH000143,08/09/2021,08/09/2021,1,1800000,1800000,"1,685",0,1,Tiki,Lost
KH000144,09/09/2021,25/11/2022,3,4890400,1630133.333,"1,242",1,1,Internal,Lost
KH000145,06/09/2021,18/11/2024,6,59748000,9958000,518,1,1,Website,At Risk
KH000147,11/09/2021,16/10/2023,5,6826220,1365244,917,1,1,Website,Lost
KH000150,05/10/2021,05/10/2021,1,2375000,2375000,"1,658",0,1,Lazada,Lost
KH000151,17/09/2021,17/09/2021,1,1380000,1380000,"1,676",0,1,Lazada,Lost
KH000158,17/09/2021,26/06/2023,4,8096000,2024000,"1,029",1,1,Facebook,Lost
KH000163,17/01/2022,17/01/2022,1,1380000,1380000,"1,554",0,1,Tiki,Lost
KH000166,19/09/2021,19/09/2021,1,673800,673800,"1,674",0,1,Lazada,Lost
KH000176,07/11/2025,07/11/2025,1,2176000,2176000,164,0,0,Takashimaya,Loyal
KH000177,23/09/2021,23/09/2021,1,1206380,1206380,"1,670",0,1,Lazada,Lost
KH000180,24/09/2021,24/09/2021,1,2275000,2275000,"1,669",0,1,Shopee,Lost
KH000181,27/09/2021,27/09/2021,1,1255800,1255800,"1,666",0,1,Shopee,Lost
KH000184,01/01/2024,18/04/2026,346,943537643,2726987.408,2,1,0,Shopee,VIP
KH000185,30/09/2021,25/11/2024,2,1804200,902100,511,1,1,Lazada,At Risk
KH000187,30/09/2021,02/03/2022,4,3556940,889235,"1,510",1,1,Lazada,Lost
KH000188,28/09/2021,28/09/2021,1,1800000,1800000,"1,665",0,1,Facebook,Lost
KH000190,11/10/2021,11/10/2021,1,880000,880000,"1,652",0,1,Internal,Lost
KH000192,02/03/2021,15/12/2023,14,9798600,699900,857,1,1,Nowzone,Lost
KH000198,01/10/2021,01/10/2021,2,3200000,1600000,"1,662",1,1,Facebook,Lost
KH000199,18/01/2021,29/12/2023,10,29704780,2970478,843,1,1,Facebook,Lost
KH000201,08/11/2025,08/11/2025,1,1350000,1350000,163,0,0,Takashimaya,Loyal
KH000202,14/01/2022,14/01/2022,1,394200,394200,"1,557",0,1,Zalo,Lost
KH000203,03/03/2021,08/08/2025,8,4563960,570495,255,1,0,Nowzone,Loyal
KH000204,09/02/2023,07/10/2025,8,7837100,979637.5,195,1,0,Zalo,Loyal
KH000207,05/10/2021,05/10/2021,1,0,0,"1,658",0,1,Lazada,Lost
KH000208,05/10/2021,05/10/2021,1,0,0,"1,658",0,1,Lazada,Lost
KH000209,08/10/2021,08/10/2021,1,1160000,1160000,"1,655",0,1,Nowzone,Lost
KH000210,08/10/2021,08/10/2021,1,1660000,1660000,"1,655",0,1,Website,Lost
KH000211,08/11/2025,08/11/2025,1,2998000,2998000,163,0,0,Takashimaya,Loyal
KH000212,08/11/2025,08/11/2025,1,1500000,1500000,163,0,0,Takashimaya,Loyal
KH000213,18/01/2021,16/10/2021,3,7812000,2604000,"1,647",1,1,Tiki,Lost
KH000214,09/11/2025,09/11/2025,1,1600000,1600000,162,0,0,Nowzone,Loyal
KH000215,10/10/2021,10/10/2021,1,620000,620000,"1,653",0,1,Website,Lost
KH000216,08/10/2021,08/10/2021,1,1800000,1800000,"1,655",0,1,Website,Lost
KH000218,10/10/2021,14/11/2021,2,5850000,2925000,"1,618",1,1,Zalo,Lost
KH000220,19/10/2021,19/10/2021,1,624530,624530,"1,644",0,1,Lazada,Lost
KH000221,12/10/2021,17/04/2023,3,1229901,409967,"1,099",1,1,Lazada,Lost
KH000222,13/10/2021,13/10/2021,1,3420000,3420000,"1,650",0,1,Nowzone,Lost
KH000223,12/10/2021,12/10/2021,1,1180000,1180000,"1,651",0,1,Nowzone,Lost
KH000225,09/11/2025,24/11/2025,2,14758520,7379260,147,1,0,Takashimaya,Loyal
KH000226,09/11/2025,15/03/2026,3,7620000,2540000,36,1,0,Takashimaya,Loyal
KH000227,13/10/2021,13/10/2021,1,800000,800000,"1,650",0,1,Shopee,Lost
KH000228,13/10/2021,11/11/2021,2,1552000,776000,"1,621",1,1,Shopee,Lost
KH000230,14/10/2021,17/10/2021,2,2300000,1150000,"1,646",1,1,Nowzone,Lost
KH000234,26/10/2021,26/10/2021,1,1860000,1860000,"1,637",0,1,Shopee,Lost
KH000235,16/10/2021,20/01/2022,3,2098000,699333.3333,"1,551",1,1,Tiki,Lost
KH000236,17/10/2021,17/10/2021,1,730000,730000,"1,646",0,1,Website,Lost
KH000237,18/10/2021,18/10/2021,1,3600000,3600000,"1,645",0,1,Website,Lost
KH000239,20/10/2021,20/10/2021,1,580000,580000,"1,643",0,1,Lazada,Lost
KH000240,18/10/2021,26/11/2021,2,12975000,6487500,"1,606",1,1,Facebook,Lost
KH000241,19/10/2021,28/04/2025,5,7768000,1553600,357,1,0,Nowzone,Loyal
KH000242,19/10/2021,28/01/2023,2,3890000,1945000,"1,178",1,1,Website,Lost
KH000243,19/10/2021,19/10/2021,1,1900000,1900000,"1,644",0,1,Nowzone,Lost
KH000244,19/01/2021,29/12/2023,6,31402400,5233733.333,843,1,1,Facebook,Lost
KH000245,22/10/2021,22/10/2021,1,250000,250000,"1,641",0,1,Lazada,Lost
KH000247,20/10/2021,20/10/2021,1,1080000,1080000,"1,643",0,1,Zalo,Lost
KH000252,28/03/2023,02/05/2024,3,16144000,5381333.333,718,1,1,Zalo,At Risk
KH000253,01/04/2024,08/08/2025,2,5445600,2722800,255,1,0,Internal,Loyal
KH000259,09/11/2025,09/11/2025,1,2552520,2552520,162,0,0,Takashimaya,Loyal
KH000260,19/01/2021,09/09/2022,4,4900000,1225000,"1,319",1,1,Lazada,Lost
KH000261,06/01/2024,11/11/2025,2,2048000,1024000,160,1,0,Lazada,Loyal
KH000262,15/01/2021,14/05/2021,3,2470000,823333.3333,"1,802",1,1,Facebook,Lost
KH000263,22/01/2021,12/04/2024,6,10868000,1811333.333,738,1,1,Tiki,Lost
KH000264,27/01/2021,27/01/2021,1,880000,880000,"1,909",0,1,Facebook,Lost
KH000265,20/01/2021,20/01/2021,1,400000,400000,"1,916",0,1,Website,Lost
KH000266,27/01/2021,27/01/2021,1,3600000,3600000,"1,909",0,1,Zalo,Lost
KH000267,18/01/2021,01/03/2024,3,4140000,1380000,780,1,1,Tiki,Lost
KH000268,23/10/2021,23/10/2021,1,3600000,3600000,"1,640",0,1,Nowzone,Lost
KH000269,23/10/2021,23/10/2021,1,1400000,1400000,"1,640",0,1,Facebook,Lost
KH000270,05/05/2021,31/12/2022,3,11200000,3733333.333,"1,206",1,1,Nowzone,Lost
KH000271,11/11/2025,04/04/2026,3,2752000,917333.3333,16,1,0,Zalo,Loyal
KH000272,15/01/2021,27/03/2022,2,1635100,817550,"1,485",1,1,Facebook,Lost
KH000273,28/01/2021,28/01/2021,1,1760000,1760000,"1,908",0,1,Website,Lost
KH000274,01/11/2021,01/11/2021,1,780000,780000,"1,631",0,1,Shopee,Lost
KH000276,11/11/2025,11/11/2025,1,800000,800000,160,0,0,Website,Loyal
KH000277,26/10/2021,10/08/2022,2,2178000,1089000,"1,349",1,1,Nowzone,Lost
KH000279,01/05/2021,29/10/2021,2,10420000,5210000,"1,634",1,1,Lazada,Lost
KH000281,27/10/2021,27/10/2021,1,780000,780000,"1,636",0,1,Zalo,Lost
KH000283,05/09/2023,05/09/2023,1,468000,468000,958,0,1,Event,Lost
KH000284,08/01/2021,08/01/2021,1,3740000,3740000,"1,928",0,1,Website,Lost
KH000285,13/01/2021,13/01/2021,1,1860000,1860000,"1,923",0,1,Website,Lost
KH000286,28/01/2021,20/11/2025,2,8460000,4230000,151,1,0,Website,Loyal
KH000287,08/01/2021,06/01/2024,10,7036000,703600,835,1,1,Internal,Lost
KH000288,11/01/2021,19/01/2021,2,1952000,976000,"1,917",1,1,Facebook,Lost
KH000289,25/01/2021,25/01/2021,1,1080000,1080000,"1,911",0,1,Lazada,Lost
KH000290,18/01/2021,18/11/2021,2,1500000,750000,"1,614",1,1,Website,Lost
KH000291,27/10/2021,27/10/2021,1,880000,880000,"1,636",0,1,Nowzone,Lost
KH000292,19/01/2021,19/01/2021,1,7200000,7200000,"1,917",0,1,Lazada,Lost
KH000293,18/01/2021,18/01/2021,1,800000,800000,"1,918",0,1,Website,Lost
KH000294,26/01/2021,26/01/2021,1,650000,650000,"1,910",0,1,Tiki,Lost
KH000295,25/10/2021,25/10/2021,1,900000,900000,"1,638",0,1,Tiki,Lost
KH000296,10/11/2025,10/11/2025,2,1080000,540000,161,1,0,Website,Loyal
KH000297,19/01/2021,19/01/2021,1,680000,680000,"1,917",0,1,Lazada,Lost
KH000298,04/01/2021,10/08/2025,3,4640000,1546666.667,253,1,0,Facebook,Loyal
KH000299,27/01/2021,27/01/2021,1,1280000,1280000,"1,909",0,1,Website,Lost
KH000300,18/01/2021,18/01/2021,1,400000,400000,"1,918",0,1,Facebook,Lost
KH000301,08/01/2021,08/01/2021,1,1080000,1080000,"1,928",0,1,Facebook,Lost
KH000302,12/01/2021,17/04/2025,2,4820000,2410000,368,1,1,Facebook,At Risk
KH000303,18/01/2021,18/01/2021,1,3600000,3600000,"1,918",0,1,Tiki,Lost
KH000304,19/01/2021,28/02/2021,2,1080000,540000,"1,877",1,1,Lazada,Lost
KH000305,08/01/2021,25/05/2023,5,11606000,2321200,"1,061",1,1,Internal,Lost
KH000306,26/01/2021,26/01/2021,1,1180000,1180000,"1,910",0,1,Tiki,Lost
KH000307,06/01/2021,15/08/2022,5,13460000,2692000,"1,344",1,1,Facebook,Lost
KH000308,25/01/2021,25/01/2021,1,3000000,3000000,"1,911",0,1,Shopee,Lost
KH000311,31/10/2021,01/02/2023,7,2310000,330000,"1,174",1,1,Lazada,Lost
KH000312,28/10/2021,28/10/2021,1,607600,607600,"1,635",0,1,Nowzone,Lost
KH000313,28/10/2021,28/10/2021,1,666400,666400,"1,635",0,1,Website,Lost
KH000315,10/05/2021,12/07/2023,6,12710000,2118333.333,"1,013",1,1,Nowzone,Lost
KH000317,11/11/2025,11/11/2025,1,750000,750000,160,0,0,Facebook,Loyal
KH000319,30/10/2021,22/11/2021,2,3600000,1800000,"1,610",1,1,Tiki,Lost
KH000320,30/10/2021,30/10/2021,1,4704000,4704000,"1,633",0,1,Nowzone,Lost
KH000321,30/10/2021,30/10/2021,3,10748400,3582800,"1,633",1,1,Event,Lost
KH000323,21/05/2021,23/10/2023,3,2460400,820133.3333,910,1,1,Nowzone,Lost
KH000324,31/10/2021,12/06/2024,5,9186400,1837280,677,1,1,Website,At Risk
KH000325,31/10/2021,21/04/2022,3,2368000,789333.3333,"1,460",1,1,Lazada,Lost
KH000326,05/11/2021,05/11/2021,1,880000,880000,"1,627",0,1,Lazada,Lost
KH000327,30/10/2021,14/11/2021,2,1188400,594200,"1,618",1,1,Website,Lost
KH000328,31/10/2021,31/10/2021,1,800000,800000,"1,632",0,1,Website,Lost
KH000329,01/11/2021,19/10/2023,4,9782800,2445700,914,1,1,Nowzone,Lost
KH000330,01/11/2021,01/11/2021,1,880000,880000,"1,631",0,1,Nowzone,Lost
KH000331,01/11/2021,01/11/2021,1,3060000,3060000,"1,631",0,1,Nowzone,Lost
KH000332,02/11/2021,02/11/2021,1,1760000,1760000,"1,630",0,1,Internal,Lost
KH000334,03/02/2021,05/11/2021,2,1760000,880000,"1,627",1,1,Website,Lost
KH000335,01/02/2021,01/02/2021,1,3850000,3850000,"1,904",0,1,Shopee,Lost
KH000336,19/02/2021,19/02/2021,1,650000,650000,"1,886",0,1,Tiki,Lost
KH000337,08/02/2021,08/02/2021,1,1000000,1000000,"1,897",0,1,Facebook,Lost
KH000338,04/02/2021,04/02/2021,1,610000,610000,"1,901",0,1,Shopee,Lost
KH000339,09/02/2021,30/04/2021,2,4680000,2340000,"1,816",1,1,Lazada,Lost
KH000340,23/02/2021,23/02/2021,1,1500000,1500000,"1,882",0,1,Tiki,Lost
KH000341,09/02/2021,09/02/2021,1,650000,650000,"1,896",0,1,Zalo,Lost
KH000342,19/02/2021,30/08/2022,3,8842000,2947333.333,"1,329",1,1,Facebook,Lost
KH000343,19/02/2021,19/02/2021,1,880000,880000,"1,886",0,1,Facebook,Lost
KH000344,18/02/2021,18/02/2021,1,680000,680000,"1,887",0,1,Website,Lost
KH000345,11/11/2025,11/11/2025,1,465000,465000,160,0,0,Zalo,Loyal
KH000346,28/02/2021,28/02/2021,1,6600000,6600000,"1,877",0,1,Facebook,Lost
KH000347,22/02/2021,31/07/2025,8,19771700,2471462.5,263,1,0,Facebook,Loyal
KH000348,28/02/2021,10/05/2021,3,2420000,806666.6667,"1,806",1,1,Lazada,Lost
KH000351,28/02/2021,13/02/2023,2,20900000,10450000,"1,162",1,1,Lazada,Lost
KH000353,28/02/2021,28/02/2021,1,1960000,1960000,"1,877",0,1,Website,Lost
KH000356,05/03/2021,05/03/2021,1,830000,830000,"1,872",0,1,Facebook,Lost
KH000358,04/03/2021,19/10/2025,6,14392000,2398666.667,183,1,0,Zalo,Loyal
KH000359,11/11/2025,11/11/2025,1,1530000,1530000,160,0,0,Facebook,Loyal
KH000360,10/03/2021,29/06/2022,3,3415499,1138499.667,"1,391",1,1,Facebook,Lost
KH000361,09/03/2021,09/03/2021,1,825299,825299,"1,868",0,1,Zalo,Lost
KH000362,12/03/2021,12/03/2021,1,800000,800000,"1,865",0,1,Facebook,Lost
KH000365,09/03/2021,09/03/2021,1,400000,400000,"1,868",0,1,Website,Lost
KH000366,15/03/2021,15/03/2021,1,2080000,2080000,"1,862",0,1,Website,Lost
KH000367,12/03/2021,12/01/2023,2,2200000,1100000,"1,194",1,1,Website,Lost
KH000368,12/03/2021,12/03/2021,1,1750000,1750000,"1,865",0,1,Zalo,Lost
KH000369,17/03/2021,17/03/2021,1,800000,800000,"1,860",0,1,Website,Lost
KH000370,15/03/2021,15/03/2021,1,880000,880000,"1,862",0,1,Lazada,Lost
KH000371,23/03/2021,24/10/2025,7,44758800,6394114.286,178,1,0,Website,Loyal
KH000372,22/03/2021,22/03/2021,1,1380000,1380000,"1,855",0,1,Zalo,Lost
KH000373,23/03/2021,25/03/2021,2,4430000,2215000,"1,852",1,1,Nowzone,Lost
KH000374,25/03/2021,25/03/2021,1,1280000,1280000,"1,852",0,1,Zalo,Lost
KH000375,26/03/2021,17/05/2021,2,1880000,940000,"1,799",1,1,Zalo,Lost
KH000376,23/03/2021,23/03/2021,1,650000,650000,"1,854",0,1,Tiki,Lost
KH000377,29/03/2021,29/03/2021,1,6980000,6980000,"1,848",0,1,Website,Lost
KH000378,25/03/2021,25/03/2021,1,1660000,1660000,"1,852",0,1,Lazada,Lost
KH000379,29/03/2021,29/03/2021,1,3600000,3600000,"1,848",0,1,Website,Lost
KH000380,31/03/2021,31/03/2021,1,450000,450000,"1,846",0,1,Facebook,Lost
KH000381,31/03/2021,31/03/2021,1,814000,814000,"1,846",0,1,Lazada,Lost
KH000382,29/03/2021,29/03/2021,1,880000,880000,"1,848",0,1,Zalo,Lost
KH000383,30/03/2021,30/03/2021,1,3600000,3600000,"1,847",0,1,Zalo,Lost
KH000384,11/11/2025,04/12/2025,3,6502320,2167440,137,1,0,Facebook,Loyal
KH000385,30/03/2021,30/03/2021,1,1580000,1580000,"1,847",0,1,Facebook,Lost
KH000386,04/11/2021,04/11/2021,1,1800000,1800000,"1,628",0,1,Website,Lost
KH000387,05/11/2021,18/11/2024,5,10465000,2093000,518,1,1,Nowzone,At Risk
KH000388,17/05/2021,17/05/2021,1,360000,360000,"1,799",0,1,Tiki,Lost
KH000389,26/04/2021,11/12/2023,3,4236000,1412000,861,1,1,Website,Lost
KH000390,05/05/2021,05/05/2021,1,1500000,1500000,"1,811",0,1,Website,Lost
KH000391,28/04/2021,11/05/2021,3,5236000,1745333.333,"1,805",1,1,Website,Lost
KH000392,06/05/2021,06/05/2021,1,1080000,1080000,"1,810",0,1,Shopee,Lost
KH000393,14/05/2021,16/03/2026,2,2900000,1450000,35,1,0,Website,Loyal
KH000394,28/04/2021,12/05/2025,5,2104000,420800,343,1,0,Zalo,Loyal
KH000395,10/05/2021,10/05/2021,1,3300000,3300000,"1,806",0,1,Website,Lost
KH000396,11/05/2021,10/10/2023,2,5640000,2820000,923,1,1,Facebook,Lost
KH000399,12/11/2025,12/11/2025,1,4161000,4161000,159,0,0,Takashimaya,Loyal
KH000400,31/05/2021,31/05/2021,1,680000,680000,"1,785",0,1,Tiki,Lost
KH000401,31/05/2021,31/05/2021,1,650000,650000,"1,785",0,1,Tiki,Lost
KH000402,19/05/2021,19/05/2021,1,1500000,1500000,"1,797",0,1,Shopee,Lost
KH000403,31/05/2021,31/05/2021,1,1280000,1280000,"1,785",0,1,Tiki,Lost
KH000404,16/05/2021,09/04/2023,3,2740000,913333.3333,"1,107",1,1,Facebook,Lost
KH000405,24/05/2021,15/12/2021,2,4140000,2070000,"1,587",1,1,Lazada,Lost
KH000406,24/05/2021,04/10/2022,3,2557400,852466.6667,"1,294",1,1,Lazada,Lost
KH000407,26/05/2021,11/11/2022,2,3470000,1735000,"1,256",1,1,Website,Lost
KH000408,24/05/2021,24/05/2021,1,650000,650000,"1,792",0,1,Tiki,Lost
KH000409,26/05/2021,06/11/2021,2,2151000,1075500,"1,626",1,1,Website,Lost
KH000410,24/05/2021,08/02/2022,2,10200000,5100000,"1,532",1,1,Internal,Lost
KH000411,28/05/2021,28/05/2021,1,2560000,2560000,"1,788",0,1,Website,Lost
KH000412,26/05/2021,26/05/2021,1,1152000,1152000,"1,790",0,1,Lazada,Lost
KH000413,26/05/2021,16/04/2025,9,17060000,1895555.556,369,1,1,Lazada,At Risk
KH000414,31/05/2021,31/05/2021,1,2800000,2800000,"1,785",0,1,Website,Lost
KH000415,31/05/2021,01/06/2021,2,1760000,880000,"1,784",1,1,Facebook,Lost
KH000416,31/05/2021,01/06/2021,2,2560000,1280000,"1,784",1,1,Website,Lost
KH000417,31/05/2021,31/05/2021,1,900000,900000,"1,785",0,1,Tiki,Lost
KH000418,30/05/2021,01/06/2021,2,1760000,880000,"1,784",1,1,Facebook,Lost
KH000420,06/11/2021,29/11/2025,2,2571000,1285500,142,1,0,Nowzone,Loyal
KH000421,13/11/2025,14/11/2025,2,2990400,1495200,157,1,0,Zalo,Loyal
KH000423,16/04/2021,16/04/2021,1,1880000,1880000,"1,830",0,1,Tiki,Lost
KH000424,05/04/2021,05/04/2021,1,2188000,2188000,"1,841",0,1,Zalo,Lost
KH000425,17/01/2021,13/04/2024,8,14605900,1825737.5,737,1,1,Zalo,Lost
KH000426,01/04/2021,01/04/2021,1,800000,800000,"1,845",0,1,Facebook,Lost
KH000427,09/04/2021,09/04/2021,1,880000,880000,"1,837",0,1,Website,Lost
KH000428,09/04/2021,09/04/2021,1,1390000,1390000,"1,837",0,1,Website,Lost
KH000429,09/04/2021,09/04/2021,1,1000000,1000000,"1,837",0,1,Website,Lost
KH000430,06/04/2021,02/05/2024,2,5599200,2799600,718,1,1,Website,At Risk
KH000431,09/04/2021,09/04/2021,1,650000,650000,"1,837",0,1,Facebook,Lost
KH000432,16/04/2021,16/04/2021,1,2000000,2000000,"1,830",0,1,Website,Lost
KH000433,16/04/2021,16/04/2021,1,1390000,1390000,"1,830",0,1,Website,Lost
KH000435,16/04/2021,16/04/2021,1,880000,880000,"1,830",0,1,Website,Lost
KH000436,13/04/2021,24/07/2024,3,2120000,706666.6667,635,1,1,Nowzone,At Risk
KH000437,20/04/2021,20/04/2021,1,2860000,2860000,"1,826",0,1,Lazada,Lost
KH000438,15/04/2021,15/04/2021,1,880000,880000,"1,831",0,1,Shopee,Lost
KH000439,19/04/2021,19/04/2021,1,650000,650000,"1,827",0,1,Facebook,Lost
KH000440,16/04/2021,09/02/2022,2,6500000,3250000,"1,531",1,1,Tiki,Lost
KH000441,28/04/2021,26/03/2026,4,10989840,2747460,25,1,0,Zalo,VIP
KH000442,19/04/2021,12/01/2026,4,7740000,1935000,98,1,0,Shopee,Loyal
KH000443,27/04/2021,27/04/2021,1,880000,880000,"1,819",0,1,Lazada,Lost
KH000444,19/04/2021,19/04/2021,1,3200000,3200000,"1,827",0,1,Tiki,Lost
KH000445,23/04/2021,21/03/2022,2,3000000,1500000,"1,491",1,1,Website,Lost
KH000446,23/04/2021,23/04/2021,1,1080000,1080000,"1,823",0,1,Website,Lost
KH000447,26/04/2021,26/04/2021,1,780000,780000,"1,820",0,1,Website,Lost
KH000448,23/04/2021,23/04/2021,1,3600000,3600000,"1,823",0,1,Website,Lost
KH000449,28/04/2021,28/04/2021,1,1390000,1390000,"1,818",0,1,Website,Lost
KH000450,26/04/2021,21/05/2024,3,2783000,927666.6667,699,1,1,Lazada,At Risk
KH000451,26/04/2021,26/04/2021,1,1280000,1280000,"1,820",0,1,Lazada,Lost
KH000452,28/04/2021,28/04/2021,1,800000,800000,"1,818",0,1,Website,Lost
KH000453,29/04/2021,29/04/2021,1,680000,680000,"1,817",0,1,Facebook,Lost
KH000454,13/11/2025,15/04/2026,2,4280000,2140000,5,1,0,Takashimaya,Loyal
KH000455,29/04/2021,29/04/2021,1,1960000,1960000,"1,817",0,1,Lazada,Lost
KH000456,16/04/2021,16/04/2021,1,4430000,4430000,"1,830",0,1,Facebook,Lost
KH000457,25/05/2021,25/05/2021,1,880000,880000,"1,791",0,1,Lazada,Lost
KH000459,06/11/2021,06/11/2021,1,650000,650000,"1,626",0,1,Tiki,Lost
KH000460,07/11/2021,07/11/2021,1,1240000,1240000,"1,625",0,1,Internal,Lost
KH000461,08/11/2021,08/11/2021,1,900000,900000,"1,624",0,1,Website,Lost
KH000462,22/02/2021,16/04/2026,9,28951600,3216844.444,4,1,0,Nowzone,VIP
KH000463,13/11/2025,13/11/2025,1,1529020,1529020,158,0,0,Nowzone,Loyal
KH000464,18/11/2025,18/11/2025,1,1762200,1762200,153,0,0,Facebook,Loyal
KH000465,14/11/2025,17/11/2025,2,11520400,5760200,154,1,0,Zalo,Loyal
KH000466,07/02/2021,07/02/2021,1,792000,792000,"1,898",0,1,Nowzone,Lost
KH000467,07/02/2021,07/02/2021,1,360000,360000,"1,898",0,1,Nowzone,Lost
KH000468,07/02/2021,07/02/2021,1,3240000,3240000,"1,898",0,1,Nowzone,Lost
KH000469,08/02/2021,17/06/2022,2,2642000,1321000,"1,403",1,1,Nowzone,Lost
KH000470,08/02/2021,08/02/2021,1,1962000,1962000,"1,897",0,1,Nowzone,Lost
KH000471,08/02/2021,21/08/2022,4,7128000,1782000,"1,338",1,1,Nowzone,Lost
KH000472,09/02/2021,17/02/2023,2,2385000,1192500,"1,158",1,1,Nowzone,Lost
KH000473,09/02/2021,09/02/2021,1,1062000,1062000,"1,896",0,1,Nowzone,Lost
KH000474,09/02/2021,10/02/2021,2,6579000,3289500,"1,895",1,1,Nowzone,Lost
KH000475,09/02/2021,09/02/2021,1,5922000,5922000,"1,896",0,1,Nowzone,Lost
KH000477,06/02/2021,01/09/2025,5,22904000,4580800,231,1,0,Nowzone,Loyal
KH000478,06/02/2021,06/02/2021,1,1467000,1467000,"1,899",0,1,Nowzone,Lost
KH000479,02/06/2021,02/06/2021,1,800000,800000,"1,783",0,1,Tiki,Lost
KH000480,04/06/2021,12/11/2022,4,4493400,1123350,"1,255",1,1,Lazada,Lost
KH000482,10/02/2021,29/02/2024,5,8480000,1696000,781,1,1,Nowzone,Lost
KH000483,07/06/2021,07/06/2021,1,1500000,1500000,"1,778",0,1,Website,Lost
KH000484,10/02/2021,20/11/2022,4,8607400,2151850,"1,247",1,1,Nowzone,Lost
KH000485,10/02/2021,10/02/2021,1,900000,900000,"1,895",0,1,Nowzone,Lost
KH000486,11/02/2021,13/02/2026,3,5372000,1790666.667,66,1,0,Nowzone,Loyal
KH000487,17/02/2021,17/07/2022,2,5450000,2725000,"1,373",1,1,Nowzone,Lost
KH000488,17/02/2021,17/02/2021,1,2160000,2160000,"1,888",0,1,Nowzone,Lost
KH000489,08/06/2021,24/01/2024,5,3154000,630800,817,1,1,Facebook,Lost
KH000490,17/02/2021,26/06/2022,2,1672000,836000,"1,394",1,1,Nowzone,Lost
KH000491,18/02/2021,18/02/2021,1,792000,792000,"1,887",0,1,Nowzone,Lost
KH000492,09/06/2021,09/06/2021,1,500000,500000,"1,776",0,1,Internal,Lost
KH000493,19/02/2021,19/02/2021,1,1380000,1380000,"1,886",0,1,Nowzone,Lost
KH000494,11/06/2021,11/06/2021,1,2500000,2500000,"1,774",0,1,Facebook,Lost
KH000495,20/02/2021,24/11/2022,3,7996200,2665400,"1,243",1,1,Nowzone,Lost
KH000496,20/02/2021,20/02/2021,1,1440000,1440000,"1,885",0,1,Nowzone,Lost
KH000497,22/02/2021,10/04/2024,4,7531700,1882925,740,1,1,Nowzone,Lost
KH000498,14/06/2021,14/06/2021,1,2900000,2900000,"1,771",0,1,Website,Lost
KH000499,14/06/2021,13/04/2022,4,6250000,1562500,"1,468",1,1,Facebook,Lost
KH000500,14/11/2025,15/01/2026,2,3787520,1893760,95,1,0,Takashimaya,Loyal
KH000501,14/06/2021,14/06/2021,1,1280000,1280000,"1,771",0,1,Tiki,Lost
KH000506,30/06/2023,15/07/2025,5,10391999,2078399.8,279,1,0,Facebook,Loyal
KH000507,14/11/2025,14/11/2025,1,111000,111000,157,0,0,Takashimaya,Loyal
KH000508,14/11/2025,14/11/2025,1,3865800,3865800,157,0,0,Takashimaya,Loyal
KH000510,23/02/2021,14/02/2023,2,4422000,2211000,"1,161",1,1,Nowzone,Lost
KH0005102,24/02/2021,24/02/2021,1,558000,558000,"1,881",0,1,Nowzone,Lost
KH0005104,25/02/2021,02/02/2024,2,3682000,1841000,808,1,1,Nowzone,Lost
KH0005106,26/02/2021,26/02/2021,1,1728000,1728000,"1,879",0,1,Nowzone,Lost
KH0005107,27/02/2021,11/06/2023,5,27491000,5498200,"1,044",1,1,Nowzone,Lost
KH0005108,27/02/2021,27/10/2021,26,83014500,3192865.385,"1,636",1,1,Nowzone,Lost
KH0005110,28/02/2021,28/02/2021,1,5544000,5544000,"1,877",0,1,Nowzone,Lost
KH0005111,02/03/2021,02/03/2021,1,792000,792000,"1,875",0,1,Nowzone,Lost
KH0005114,03/03/2021,03/03/2021,1,596050,596050,"1,874",0,1,Nowzone,Lost
KH0005115,04/03/2021,04/03/2021,1,8080000,8080000,"1,873",0,1,Nowzone,Lost
KH0005116,04/03/2021,04/03/2021,1,3301200,3301200,"1,873",0,1,Nowzone,Lost
KH0005118,06/03/2021,06/03/2021,1,882000,882000,"1,871",0,1,Nowzone,Lost
KH0005119,06/03/2021,11/04/2021,2,4308360,2154180,"1,835",1,1,Nowzone,Lost
KH0005120,07/03/2021,11/01/2023,9,49992899,5554766.556,"1,195",1,1,Nowzone,Lost
KH0005121,08/03/2021,08/03/2021,1,1887186,1887186,"1,869",0,1,Nowzone,Lost
KH0005122,26/01/2021,09/08/2025,12,18651740,1554311.667,254,1,0,Zalo,Loyal
KH0005124,02/05/2021,08/06/2022,9,31593400,3510377.778,"1,412",1,1,Nowzone,Lost
KH0005125,17/04/2021,14/11/2023,4,13495880,3373970,888,1,1,Nowzone,Lost
KH0005126,20/06/2021,24/07/2022,2,4368000,2184000,"1,366",1,1,Nowzone,Lost
KH0005127,26/06/2021,26/06/2021,1,7868000,7868000,"1,759",0,1,Nowzone,Lost
KH0005128,30/04/2021,02/05/2021,2,20978200,10489100,"1,814",1,1,Nowzone,Lost
KH0005129,25/04/2021,17/05/2022,3,3166000,1055333.333,"1,434",1,1,Nowzone,Lost
KH0005130,03/05/2021,03/05/2021,1,2400000,2400000,"1,813",0,1,Nowzone,Lost
KH0005131,30/03/2021,18/01/2023,3,1209600,403200,"1,188",1,1,Nowzone,Lost
KH0005132,06/05/2021,20/12/2022,2,4480000,2240000,"1,217",1,1,Nowzone,Lost
KH0005133,29/04/2021,19/01/2025,5,12810000,2562000,456,1,1,Nowzone,At Risk
KH0005134,07/05/2021,11/03/2026,7,24271200,3467314.286,40,1,0,Nowzone,VIP
KH0005135,07/05/2021,07/05/2021,1,1380000,1380000,"1,809",0,1,Nowzone,Lost
KH0005136,08/05/2021,08/05/2021,1,1204600,1204600,"1,808",0,1,Nowzone,Lost
KH0005137,08/05/2021,04/05/2022,2,3938000,1969000,"1,447",1,1,Nowzone,Lost
KH0005138,03/04/2021,09/05/2021,2,22087400,11043700,"1,807",1,1,Nowzone,Lost
KH0005139,25/04/2021,12/04/2022,4,3172400,793100,"1,469",1,1,Nowzone,Lost
KH000514,03/03/2022,03/03/2022,1,997000,997000,"1,509",0,1,Facebook,Lost
KH0005140,12/05/2021,12/05/2021,1,9800000,9800000,"1,804",0,1,Nowzone,Lost
KH0005141,14/05/2021,14/05/2021,1,2460000,2460000,"1,802",0,1,Nowzone,Lost
KH0005142,14/05/2021,14/05/2021,1,4560000,4560000,"1,802",0,1,Nowzone,Lost
KH0005143,17/05/2021,19/05/2021,2,2590000,1295000,"1,797",1,1,Nowzone,Lost
KH0005144,22/05/2021,22/05/2021,1,780000,780000,"1,794",0,1,Nowzone,Lost
KH0005146,24/05/2021,24/05/2021,1,1152000,1152000,"1,792",0,1,Nowzone,Lost
KH0005147,24/05/2021,24/05/2021,1,2556000,2556000,"1,792",0,1,Nowzone,Lost
KH0005148,25/05/2021,25/05/2021,1,810000,810000,"1,791",0,1,Nowzone,Lost
KH0005149,26/05/2021,26/05/2021,1,3240000,3240000,"1,790",0,1,Nowzone,Lost
KH0005150,26/05/2021,26/05/2021,1,882000,882000,"1,790",0,1,Nowzone,Lost
KH0005151,07/04/2021,28/05/2021,2,2880000,1440000,"1,788",1,1,Nowzone,Lost
KH0005152,28/05/2021,28/05/2021,1,450000,450000,"1,788",0,1,Nowzone,Lost
KH0005154,09/04/2021,09/04/2021,1,300000,300000,"1,837",0,1,Event,Lost
KH0005155,09/04/2021,09/04/2021,1,558000,558000,"1,837",0,1,Zalo,Lost
KH0005156,21/04/2021,21/04/2021,1,558000,558000,"1,825",0,1,Event,Lost
KH0005158,29/05/2021,29/05/2021,1,6980000,6980000,"1,787",0,1,Nowzone,Lost
KH0005159,03/04/2021,28/10/2023,2,4441000,2220500,905,1,1,Nowzone,Lost
KH0005160,04/04/2021,04/04/2021,1,1180000,1180000,"1,842",0,1,Nowzone,Lost
KH0005161,10/04/2021,12/09/2023,3,6838000,2279333.333,951,1,1,Nowzone,Lost
KH0005162,10/04/2021,12/01/2022,2,4800000,2400000,"1,559",1,1,Nowzone,Lost
KH0005163,11/04/2021,11/04/2021,1,1318000,1318000,"1,835",0,1,Nowzone,Lost
KH0005165,10/11/2021,05/01/2022,2,3400200,1700100,"1,566",1,1,Internal,Lost
KH0005166,10/11/2021,10/11/2021,2,1270000,635000,"1,622",1,1,Nowzone,Lost
KH0005167,10/11/2021,10/11/2021,1,394200,394200,"1,622",0,1,Nowzone,Lost
KH0005168,11/11/2021,11/11/2021,1,872200,872200,"1,621",0,1,Nowzone,Lost
KH000517,20/11/2025,20/11/2025,1,653600,653600,151,0,0,Facebook,Loyal
KH0005170,22/03/2021,22/03/2021,1,4038000,4038000,"1,855",0,1,Nowzone,Lost
KH0005171,11/11/2021,16/11/2021,2,6804000,3402000,"1,616",1,1,Facebook,Lost
KH0005172,12/11/2021,12/11/2021,1,1180000,1180000,"1,620",0,1,Nowzone,Lost
KH0005174,19/04/2021,19/04/2021,1,2403500,2403500,"1,827",0,1,Zalo,Lost
KH0005176,26/04/2021,26/04/2021,1,4400000,4400000,"1,820",0,1,Internal,Lost
KH0005179,10/10/2022,10/10/2022,1,3200000,3200000,"1,288",0,1,Internal,Lost
KH000518,15/11/2025,15/11/2025,1,2100000,2100000,156,0,0,Takashimaya,Loyal
KH0005181,14/11/2021,14/11/2021,1,3000000,3000000,"1,618",0,1,Nowzone,Lost
KH0005183,22/01/2022,22/01/2022,1,880000,880000,"1,549",0,1,Nowzone,Lost
KH0005186,11/11/2021,11/11/2021,1,8188000,8188000,"1,621",0,1,Website,Lost
KH000519,17/11/2025,17/11/2025,1,222000,222000,154,0,0,Internal,Loyal
KH0005193,14/11/2021,14/11/2021,1,560700,560700,"1,618",0,1,Shopee,Lost
KH0005194,14/11/2021,14/11/2021,1,1180000,1180000,"1,618",0,1,Lazada,Lost
KH0005199,15/11/2021,15/02/2022,2,9908200,4954100,"1,525",1,1,Lazada,Lost
KH000520,15/11/2025,15/11/2025,1,1512000,1512000,156,0,0,Takashimaya,Loyal
KH0005207,12/04/2021,11/12/2023,4,6837300,1709325,861,1,1,Nowzone,Lost
KH0005208,13/04/2021,13/04/2021,1,250000,250000,"1,833",0,1,Nowzone,Lost
KH0005209,15/04/2021,15/04/2021,1,338000,338000,"1,831",0,1,Nowzone,Lost
KH000521,16/11/2025,16/11/2025,1,940500,940500,155,0,0,Takashimaya,Loyal
KH0005210,16/04/2021,16/04/2021,1,338000,338000,"1,830",0,1,Nowzone,Lost
KH0005211,17/04/2021,17/04/2021,1,550000,550000,"1,829",0,1,Nowzone,Lost
KH0005212,18/04/2021,18/04/2021,1,1180000,1180000,"1,828",0,1,Nowzone,Lost
KH0005213,18/04/2021,18/04/2021,1,2550000,2550000,"1,828",0,1,Nowzone,Lost
KH0005214,18/04/2021,18/04/2021,1,38000,38000,"1,828",0,1,Nowzone,Lost
KH0005215,19/04/2021,17/08/2025,2,1760000,880000,246,1,0,Nowzone,Loyal
KH0005216,21/04/2021,01/10/2025,2,2160000,1080000,201,1,0,Nowzone,Loyal
KH0005217,21/04/2021,21/04/2021,1,1618000,1618000,"1,825",0,1,Nowzone,Lost
KH0005218,23/04/2021,22/07/2022,6,15550600,2591766.667,"1,368",1,1,Nowzone,Lost
KH0005219,25/04/2021,25/04/2021,1,3600000,3600000,"1,821",0,1,Nowzone,Lost
KH000522,16/11/2025,21/11/2025,3,15954800,5318266.667,150,1,0,Takashimaya,Loyal
KH0005220,26/04/2021,21/10/2022,2,4080000,2040000,"1,277",1,1,Nowzone,Lost
KH0005221,27/04/2021,27/04/2021,1,1654000,1654000,"1,819",0,1,Nowzone,Lost
KH0005222,30/04/2021,30/04/2021,1,3000000,3000000,"1,816",0,1,Nowzone,Lost
KH0005223,08/03/2021,08/03/2021,1,1800400,1800400,"1,869",0,1,Nowzone,Lost
KH0005224,12/03/2021,12/03/2021,1,780000,780000,"1,865",0,1,Nowzone,Lost
KH0005225,13/03/2021,15/03/2021,2,1969200,984600,"1,862",1,1,Nowzone,Lost
KH0005226,13/03/2021,10/10/2024,3,27886700,9295566.667,557,1,1,Nowzone,At Risk
KH0005227,16/03/2021,16/03/2021,1,1500000,1500000,"1,861",0,1,Nowzone,Lost
KH0005228,17/03/2021,17/03/2021,1,438000,438000,"1,860",0,1,Nowzone,Lost
KH0005229,20/03/2021,20/03/2021,1,1000000,1000000,"1,857",0,1,Nowzone,Lost
KH000523,16/11/2025,16/11/2025,1,1282500,1282500,155,0,0,Takashimaya,Loyal
KH0005230,22/03/2021,22/03/2021,1,800000,800000,"1,855",0,1,Nowzone,Lost
KH0005231,23/03/2021,23/03/2021,1,3600000,3600000,"1,854",0,1,Nowzone,Lost
KH0005232,24/03/2021,24/03/2021,1,780000,780000,"1,853",0,1,Nowzone,Lost
KH0005233,25/03/2021,25/03/2021,1,1380000,1380000,"1,852",0,1,Nowzone,Lost
KH0005234,27/03/2021,27/03/2021,1,5100000,5100000,"1,850",0,1,Nowzone,Lost
KH0005235,28/03/2021,28/03/2021,1,1182600,1182600,"1,849",0,1,Nowzone,Lost
KH0005236,28/03/2021,28/03/2021,1,612000,612000,"1,849",0,1,Nowzone,Lost
KH0005239,25/07/2023,25/07/2023,1,340000,340000,"1,000",0,1,Shopee,Lost
KH000524,16/11/2025,16/11/2025,1,1116900,1116900,155,0,0,Takashimaya,Loyal
KH000525,15/11/2025,18/11/2025,2,222000,111000,153,1,0,Shopee,Loyal
KH0005251,15/11/2021,15/11/2021,1,1228200,1228200,"1,617",0,1,Lazada,Lost
KH0005254,15/11/2021,15/11/2021,1,980000,980000,"1,617",0,1,Lazada,Lost
KH0005258,18/11/2021,05/04/2023,15,13251900,883460,"1,111",1,1,Internal,Lost
KH0005259,17/11/2021,16/12/2021,4,7724020,1931005,"1,586",1,1,Facebook,Lost
KH000526,20/11/2025,20/11/2025,1,1485000,1485000,151,0,0,Lazada,Loyal
KH0005260,19/08/2022,19/08/2022,1,3600000,3600000,"1,340",0,1,Website,Lost
KH0005261,17/11/2021,17/11/2021,1,1050200,1050200,"1,615",0,1,Shopee,Lost
KH0005262,15/11/2021,15/11/2021,1,1228200,1228200,"1,617",0,1,Shopee,Lost
KH0005263,29/06/2023,29/06/2023,1,508000,508000,"1,026",0,1,Zalo,Lost
KH0005264,27/11/2021,27/11/2021,1,500000,500000,"1,605",0,1,Shopee,Lost
KH0005265,16/11/2021,28/01/2022,3,22406000,7468666.667,"1,543",1,1,Nowzone,Lost
KH0005266,16/11/2021,16/11/2021,1,3680000,3680000,"1,616",0,1,Nowzone,Lost
KH0005267,16/11/2021,14/12/2021,2,2260000,1130000,"1,588",1,1,Nowzone,Lost
KH0005268,09/04/2021,09/04/2021,1,658000,658000,"1,837",0,1,Event,Lost
KH0005269,09/04/2021,09/04/2021,1,730000,730000,"1,837",0,1,Event,Lost
KH000527,17/11/2025,17/11/2025,1,2665600,2665600,154,0,0,Zalo,Loyal
KH0005270,09/04/2021,09/04/2021,1,1238000,1238000,"1,837",0,1,Event,Lost
KH0005271,10/04/2021,10/04/2021,1,698000,698000,"1,836",0,1,Event,Lost
KH0005272,10/04/2021,10/04/2021,1,3500000,3500000,"1,836",0,1,Event,Lost
KH0005273,10/04/2021,10/04/2021,1,558000,558000,"1,836",0,1,Event,Lost
KH0005274,10/04/2021,10/04/2021,1,280000,280000,"1,836",0,1,Event,Lost
KH0005275,10/04/2021,10/04/2021,1,730000,730000,"1,836",0,1,Event,Lost
KH0005278,10/04/2021,10/04/2021,1,580000,580000,"1,836",0,1,Event,Lost
KH0005279,10/04/2021,10/04/2021,1,558000,558000,"1,836",0,1,Event,Lost
KH000528,20/11/2025,20/11/2025,1,1121000,1121000,151,0,0,Facebook,Loyal
KH0005280,10/04/2021,10/04/2021,1,300000,300000,"1,836",0,1,Event,Lost
KH0005281,10/04/2021,10/04/2021,1,580000,580000,"1,836",0,1,Event,Lost
KH0005282,10/04/2021,10/04/2021,1,338000,338000,"1,836",0,1,Event,Lost
KH0005283,10/04/2021,10/04/2021,1,338000,338000,"1,836",0,1,Event,Lost
KH0005284,10/04/2021,10/04/2021,1,558000,558000,"1,836",0,1,Event,Lost
KH0005285,10/04/2021,10/04/2021,1,338000,338000,"1,836",0,1,Event,Lost
KH0005286,10/04/2021,10/04/2021,1,260000,260000,"1,836",0,1,Event,Lost
KH0005287,10/04/2021,26/04/2025,3,21890000,7296666.667,359,1,0,Event,Loyal
KH0005288,10/04/2021,10/04/2021,1,338000,338000,"1,836",0,1,Event,Lost
KH0005289,10/04/2021,10/04/2021,1,1018000,1018000,"1,836",0,1,Event,Lost
KH000529,19/05/2024,09/12/2025,17,32119400,1889376.471,132,1,0,TikTok,Loyal
KH0005290,10/04/2021,10/04/2021,1,730000,730000,"1,836",0,1,Event,Lost
KH0005291,10/04/2021,10/04/2021,1,730000,730000,"1,836",0,1,Event,Lost
KH0005292,10/04/2021,10/04/2021,1,730000,730000,"1,836",0,1,Event,Lost
KH0005293,10/04/2021,10/04/2021,1,338000,338000,"1,836",0,1,Event,Lost
KH0005294,10/04/2021,10/04/2021,1,338000,338000,"1,836",0,1,Event,Lost
KH0005295,10/04/2021,10/04/2021,1,1280000,1280000,"1,836",0,1,Event,Lost
KH0005296,10/04/2021,10/04/2021,1,338000,338000,"1,836",0,1,Event,Lost
KH0005297,10/04/2021,10/04/2021,1,680000,680000,"1,836",0,1,Event,Lost
KH0005298,11/04/2021,11/04/2021,1,550000,550000,"1,835",0,1,Event,Lost
KH0005299,11/04/2021,11/04/2021,1,95000,95000,"1,835",0,1,Event,Lost
KH000530,10/03/2025,25/03/2025,4,3008000,752000,391,1,1,Lazada,At Risk
KH0005300,11/04/2021,11/04/2021,1,300000,300000,"1,835",0,1,Event,Lost
KH0005301,11/04/2021,11/04/2021,1,698000,698000,"1,835",0,1,Event,Lost
KH0005302,11/04/2021,11/04/2021,1,558000,558000,"1,835",0,1,Event,Lost
KH0005304,20/07/2021,30/10/2021,10,42092250,4209225,"1,633",1,1,Event,Lost
KH0005305,04/01/2021,04/01/2021,1,3000000,3000000,"1,932",0,1,Zalo,Lost
KH0005306,06/01/2021,06/01/2021,1,5500000,5500000,"1,930",0,1,Zalo,Lost
KH0005307,06/01/2021,06/01/2021,1,4700000,4700000,"1,930",0,1,Zalo,Lost
KH0005308,07/01/2021,07/01/2021,1,2800000,2800000,"1,929",0,1,Zalo,Lost
KH0005309,08/01/2021,08/01/2021,1,1500000,1500000,"1,928",0,1,Zalo,Lost
KH0005310,28/04/2021,15/10/2021,2,2560000,1280000,"1,648",1,1,Zalo,Lost
KH0005311,08/03/2021,08/03/2021,1,980000,980000,"1,869",0,1,Zalo,Lost
KH0005312,18/01/2021,18/01/2021,1,5500000,5500000,"1,918",0,1,Zalo,Lost
KH0005313,22/01/2021,22/01/2021,1,680000,680000,"1,914",0,1,Zalo,Lost
KH0005314,25/01/2021,25/01/2021,1,880000,880000,"1,911",0,1,Zalo,Lost
KH0005315,26/01/2021,26/01/2021,1,1280000,1280000,"1,910",0,1,Zalo,Lost
KH0005317,01/02/2021,06/12/2025,4,2622000,655500,135,1,0,Zalo,Loyal
KH0005318,04/02/2021,17/02/2021,3,15120000,5040000,"1,888",1,1,Zalo,Lost
KH0005319,17/02/2021,17/02/2021,1,2630000,2630000,"1,888",0,1,Zalo,Lost
KH000532,17/11/2025,17/11/2025,1,940500,940500,154,0,0,Takashimaya,Loyal
KH0005321,16/02/2021,16/02/2021,1,1580000,1580000,"1,889",0,1,Zalo,Lost
KH0005322,27/08/2021,10/10/2022,3,17076000,5692000,"1,288",1,1,Zalo,Lost
KH0005323,19/02/2021,19/02/2021,1,980000,980000,"1,886",0,1,Zalo,Lost
KH0005324,22/02/2021,22/02/2021,1,2900000,2900000,"1,883",0,1,Zalo,Lost
KH0005325,22/02/2021,17/07/2023,6,17040200,2840033.333,"1,008",1,1,Zalo,Lost
KH0005326,22/02/2021,22/02/2021,1,2900000,2900000,"1,883",0,1,Zalo,Lost
KH0005327,27/02/2021,27/02/2021,1,980000,980000,"1,878",0,1,Zalo,Lost
KH0005329,01/03/2021,01/03/2021,1,1080000,1080000,"1,876",0,1,Zalo,Lost
KH000533,20/11/2025,20/11/2025,1,9588000,9588000,151,0,0,Zalo,Loyal
KH0005330,04/03/2021,04/03/2021,1,898659,898659,"1,873",0,1,Zalo,Lost
KH0005331,09/03/2021,09/03/2021,1,7900000,7900000,"1,868",0,1,Zalo,Lost
KH0005332,11/03/2021,29/04/2021,2,6716000,3358000,"1,817",1,1,Zalo,Lost
KH0005333,07/03/2021,07/03/2021,1,250000,250000,"1,870",0,1,Zalo,Lost
KH0005334,15/03/2021,15/03/2021,1,400000,400000,"1,862",0,1,Zalo,Lost
KH0005335,09/05/2022,09/05/2022,1,3420000,3420000,"1,442",0,1,Website,Lost
KH0005337,17/03/2021,17/03/2021,1,7110000,7110000,"1,860",0,1,Zalo,Lost
KH0005338,23/03/2021,23/03/2021,1,980000,980000,"1,854",0,1,Zalo,Lost
KH0005339,22/03/2021,28/04/2021,2,10790000,5395000,"1,818",1,1,Zalo,Lost
KH000534,19/11/2025,19/11/2025,1,1953500,1953500,152,0,0,Nowzone,Loyal
KH0005340,22/03/2021,22/03/2021,1,780000,780000,"1,855",0,1,Zalo,Lost
KH0005341,29/03/2021,29/03/2021,1,1050000,1050000,"1,848",0,1,Zalo,Lost
KH0005342,28/04/2021,28/04/2021,1,900000,900000,"1,818",0,1,Zalo,Lost
KH0005343,28/04/2021,28/04/2021,1,95000,95000,"1,818",0,1,Zalo,Lost
KH0005344,28/04/2021,27/08/2025,5,15242000,3048400,236,1,0,Zalo,Loyal
KH0005345,05/04/2021,05/04/2021,1,7200000,7200000,"1,841",0,1,Zalo,Lost
KH0005346,12/04/2021,12/04/2021,1,730000,730000,"1,834",0,1,Zalo,Lost
KH0005347,19/04/2021,19/04/2021,1,880000,880000,"1,827",0,1,Zalo,Lost
KH0005348,19/04/2021,19/04/2021,1,1200000,1200000,"1,827",0,1,Zalo,Lost
KH0005349,26/04/2021,28/11/2025,5,31421840,6284368,143,1,0,Zalo,Loyal
KH000535,20/11/2025,12/01/2026,4,44054800,11013700,98,1,0,Zalo,Loyal
KH0005350,28/04/2021,28/04/2021,1,1580000,1580000,"1,818",0,1,Zalo,Lost
KH0005351,28/04/2021,28/04/2021,1,1180000,1180000,"1,818",0,1,Zalo,Lost
KH0005352,29/04/2021,29/04/2021,1,780000,780000,"1,817",0,1,Zalo,Lost
KH0005353,29/04/2021,29/04/2021,1,2400000,2400000,"1,817",0,1,Zalo,Lost
KH0005354,29/04/2021,29/04/2021,1,880000,880000,"1,817",0,1,Zalo,Lost
KH0005355,25/05/2021,25/05/2021,1,3000000,3000000,"1,791",0,1,Zalo,Lost
KH0005356,19/11/2021,19/11/2021,1,876000,876000,"1,613",0,1,Facebook,Lost
KH0005357,20/11/2021,20/11/2021,1,4000000,4000000,"1,612",0,1,Website,Lost
KH0005359,22/11/2021,22/11/2021,1,11270000,11270000,"1,610",0,1,Nowzone,Lost
KH000536,24/11/2025,24/11/2025,1,1596000,1596000,147,0,0,Zalo,Loyal
KH0005360,27/06/2023,27/06/2023,1,468000,468000,"1,028",0,1,Zalo,Lost
KH0005362,13/10/2023,25/11/2023,3,3874000,1291333.333,877,1,1,Zalo,Lost
KH0005366,24/11/2021,24/11/2021,1,800000,800000,"1,608",0,1,Zalo,Lost
KH0005367,25/11/2021,25/11/2021,1,880000,880000,"1,607",0,1,Zalo,Lost
KH0005369,26/11/2021,26/11/2021,1,890000,890000,"1,606",0,1,Nowzone,Lost
KH000537,24/11/2025,24/11/2025,1,1526000,1526000,147,0,0,Zalo,Loyal
KH0005370,26/11/2021,26/11/2021,1,4272000,4272000,"1,606",0,1,Nowzone,Lost
KH0005371,19/01/2022,19/01/2022,1,620000,620000,"1,552",0,1,Nowzone,Lost
KH0005372,26/11/2021,26/11/2021,1,15753000,15753000,"1,606",0,1,Nowzone,Lost
KH0005373,26/11/2021,26/11/2021,1,783200,783200,"1,606",0,1,Nowzone,Lost
KH0005375,26/11/2021,04/10/2022,2,6697300,3348650,"1,294",1,1,Nowzone,Lost
KH0005376,26/11/2021,26/11/2021,1,1050200,1050200,"1,606",0,1,Nowzone,Lost
KH0005377,26/11/2021,26/11/2021,1,3600000,3600000,"1,606",0,1,Tiki,Lost
KH0005378,26/11/2021,26/11/2021,1,3600000,3600000,"1,606",0,1,Website,Lost
KH0005379,26/11/2021,05/10/2024,6,9691000,1615166.667,562,1,1,Zalo,At Risk
KH000538,24/11/2025,24/11/2025,1,1701100,1701100,147,0,0,Zalo,Loyal
KH0005381,26/11/2021,26/11/2021,1,5429000,5429000,"1,606",0,1,Nowzone,Lost
KH0005382,26/11/2021,29/11/2021,2,8544000,4272000,"1,603",1,1,Nowzone,Lost
KH0005383,27/11/2021,27/11/2021,1,880000,880000,"1,605",0,1,Nowzone,Lost
KH0005386,28/11/2021,28/11/2021,1,1168000,1168000,"1,604",0,1,Nowzone,Lost
KH0005387,28/11/2021,28/11/2021,1,1026000,1026000,"1,604",0,1,Nowzone,Lost
KH000539,24/11/2025,24/11/2025,1,712500,712500,147,0,0,Zalo,Loyal
KH0005390,27/11/2021,21/10/2025,6,19666000,3277666.667,181,1,0,Website,Loyal
KH0005391,29/11/2021,29/11/2021,1,2456400,2456400,"1,603",0,1,Zalo,Lost
KH0005392,30/11/2021,30/11/2021,1,800000,800000,"1,602",0,1,Lazada,Lost
KH0005393,30/11/2021,30/11/2021,1,1600000,1600000,"1,602",0,1,Lazada,Lost
KH0005394,29/11/2021,29/11/2021,1,650000,650000,"1,603",0,1,Tiki,Lost
KH0005398,29/11/2021,12/01/2023,2,4576000,2288000,"1,194",1,1,Nowzone,Lost
KH0005399,30/11/2021,30/11/2021,1,800000,800000,"1,602",0,1,Zalo,Lost
KH000540,21/11/2025,21/11/2025,1,760000,760000,150,0,0,Takashimaya,Loyal
KH0005402,30/11/2021,30/11/2021,1,6500000,6500000,"1,602",0,1,Nowzone,Lost
KH0005404,01/12/2021,25/05/2022,2,4380000,2190000,"1,426",1,1,Tiki,Lost
KH0005405,01/12/2021,01/12/2021,1,620000,620000,"1,601",0,1,Facebook,Lost
KH0005406,01/10/2025,01/10/2025,1,688000,688000,201,0,0,Event,Loyal
KH0005407,03/12/2021,04/12/2021,2,1680000,840000,"1,598",1,1,Lazada,Lost
KH0005408,03/12/2021,03/12/2021,1,7900000,7900000,"1,599",0,1,Internal,Lost
KH0005409,04/12/2021,08/01/2022,4,12153000,3038250,"1,563",1,1,Nowzone,Lost
KH000541,22/11/2025,22/11/2025,1,1526000,1526000,149,0,0,Takashimaya,Loyal
KH0005412,06/12/2021,06/12/2021,1,2238000,2238000,"1,596",0,1,Internal,Lost
KH0005414,08/12/2021,08/12/2021,1,7700000,7700000,"1,594",0,1,Nowzone,Lost
KH0005416,09/12/2021,09/12/2021,1,2640000,2640000,"1,593",0,1,Nowzone,Lost
KH0005417,09/12/2021,09/12/2021,1,3438000,3438000,"1,593",0,1,Nowzone,Lost
KH0005419,10/12/2021,28/10/2022,2,975000,487500,"1,270",1,1,Nowzone,Lost
KH000542,22/11/2025,22/11/2025,1,800000,800000,149,0,0,Nowzone,Loyal
KH0005421,11/12/2021,05/09/2025,11,41646600,3786054.545,227,1,0,Nowzone,Loyal
KH0005423,12/12/2021,30/05/2022,3,10996100,3665366.667,"1,421",1,1,Nowzone,Lost
KH0005424,12/12/2021,12/12/2021,1,2970000,2970000,"1,590",0,1,Nowzone,Lost
KH0005425,12/12/2021,12/12/2021,1,720000,720000,"1,590",0,1,Nowzone,Lost
KH0005427,16/12/2021,16/12/2021,1,8624000,8624000,"1,586",0,1,Shopee,Lost
KH0005428,16/12/2021,16/12/2021,1,778000,778000,"1,586",0,1,Lazada,Lost
KH000543,26/11/2025,26/11/2025,1,3000000,3000000,145,0,0,Website,Loyal
KH0005432,18/03/2022,01/07/2023,2,3280000,1640000,"1,024",1,1,Zalo,Lost
KH0005433,15/12/2021,15/12/2021,1,60000,60000,"1,587",0,1,Lazada,Lost
KH0005437,28/03/2022,28/03/2022,1,1455000,1455000,"1,484",0,1,Lazada,Lost
KH000544,26/11/2025,26/11/2025,1,2071000,2071000,145,0,0,Zalo,Loyal
KH0005440,17/12/2021,08/01/2022,2,888000,444000,"1,563",1,1,Lazada,Lost
KH0005447,12/12/2021,12/12/2021,1,342000,342000,"1,590",0,1,Website,Lost
KH0005448,12/12/2021,12/12/2021,1,720000,720000,"1,590",0,1,Website,Lost
KH000545,22/11/2025,22/11/2025,1,1596000,1596000,149,0,0,Nowzone,Loyal
KH0005459,14/12/2021,06/07/2025,11,6832500,621136.3636,288,1,0,Facebook,Loyal
KH000546,22/11/2025,22/11/2025,1,1596000,1596000,149,0,0,Takashimaya,Loyal
KH0005460,14/12/2021,14/12/2021,1,4664800,4664800,"1,588",0,1,Nowzone,Lost
KH0005461,14/12/2021,18/02/2025,2,19826000,9913000,426,1,1,Nowzone,At Risk
KH0005463,16/12/2021,16/12/2021,1,1100000,1100000,"1,586",0,1,Nowzone,Lost
KH0005465,15/12/2021,15/12/2021,1,800000,800000,"1,587",0,1,Zalo,Lost
KH0005469,19/12/2021,19/12/2021,1,5260000,5260000,"1,583",0,1,Nowzone,Lost
KH000547,23/11/2025,23/11/2025,1,600000,600000,148,0,0,Takashimaya,Loyal
KH0005470,19/12/2021,19/12/2021,1,1500000,1500000,"1,583",0,1,Website,Lost
KH0005471,20/12/2021,27/12/2024,5,8094000,1618800,479,1,1,Internal,At Risk
KH0005472,20/12/2021,26/08/2025,5,16821851,3364370.2,237,1,0,Website,Loyal
KH0005473,20/12/2021,20/12/2021,1,1600000,1600000,"1,582",0,1,Nowzone,Lost
KH0005475,23/12/2021,23/12/2021,1,2238000,2238000,"1,579",0,1,Zalo,Lost
KH0005476,22/12/2021,22/12/2021,1,730000,730000,"1,580",0,1,Zalo,Lost
KH0005477,23/12/2021,07/02/2026,2,3180000,1590000,72,1,0,Zalo,Loyal
KH0005478,26/12/2021,07/05/2022,2,5920000,2960000,"1,444",1,1,Nowzone,Lost
KH000548,23/11/2025,23/11/2025,1,750000,750000,148,0,0,Nowzone,Loyal
KH0005484,03/01/2022,03/01/2022,1,1268000,1268000,"1,568",0,1,Zalo,Lost
KH0005485,03/01/2022,03/01/2022,1,250000,250000,"1,568",0,1,Lazada,Lost
KH0005487,04/01/2022,26/04/2025,4,9852100,2463025,359,1,0,Lazada,Loyal
KH0005489,06/01/2022,30/01/2022,2,7200000,3600000,"1,541",1,1,Nowzone,Lost
KH000549,23/11/2025,23/11/2025,1,1729000,1729000,148,0,0,Takashimaya,Loyal
KH0005490,06/01/2022,06/01/2022,1,2600000,2600000,"1,565",0,1,Website,Lost
KH0005491,06/01/2022,06/01/2022,1,4122000,4122000,"1,565",0,1,Zalo,Lost
KH0005492,07/01/2022,07/01/2022,1,1800000,1800000,"1,564",0,1,Zalo,Lost
KH0005495,07/01/2022,07/01/2022,1,8160000,8160000,"1,564",0,1,Zalo,Lost
KH0005496,17/01/2022,17/01/2022,1,995000,995000,"1,554",0,1,Nowzone,Lost
KH0005497,13/01/2022,13/01/2022,1,880000,880000,"1,558",0,1,Shopee,Lost
KH000550,27/11/2025,27/11/2025,1,2850000,2850000,144,0,0,Zalo,Loyal
KH0005500,10/01/2022,10/01/2022,1,880000,880000,"1,561",0,1,Nowzone,Lost
KH0005501,10/01/2022,10/01/2022,1,1268000,1268000,"1,561",0,1,Zalo,Lost
KH0005503,12/01/2022,12/01/2022,1,1200000,1200000,"1,559",0,1,Website,Lost
KH0005504,13/01/2022,13/01/2022,1,50000,50000,"1,558",0,1,Lazada,Lost
KH0005505,13/01/2022,13/01/2022,1,5600000,5600000,"1,558",0,1,Facebook,Lost
KH0005508,18/01/2022,18/01/2022,1,11300000,11300000,"1,553",0,1,Nowzone,Lost
KH000551,26/11/2025,26/11/2025,1,487500,487500,145,0,0,Takashimaya,Loyal
KH0005511,21/01/2022,21/01/2022,1,680000,680000,"1,550",0,1,Tiki,Lost
KH0005512,17/01/2022,17/01/2022,1,2450000,2450000,"1,554",0,1,Nowzone,Lost
KH0005513,19/01/2022,19/01/2022,1,867100,867100,"1,552",0,1,Lazada,Lost
KH0005516,19/01/2022,19/01/2022,1,1268000,1268000,"1,552",0,1,Zalo,Lost
KH0005517,19/01/2022,21/06/2022,2,7613000,3806500,"1,399",1,1,Nowzone,Lost
KH000552,26/11/2025,26/11/2025,1,832200,832200,145,0,0,Nowzone,Loyal
KH0005520,20/01/2022,20/01/2022,1,1318000,1318000,"1,551",0,1,Nowzone,Lost
KH0005521,22/01/2022,13/02/2022,2,13290000,6645000,"1,527",1,1,Nowzone,Lost
KH0005523,25/01/2022,25/01/2022,1,400000,400000,"1,546",0,1,Lazada,Lost
KH0005524,03/07/2024,29/05/2025,4,7420000,1855000,326,1,0,Zalo,Loyal
KH0005527,25/01/2022,09/05/2025,5,16412000,3282400,346,1,0,Zalo,Loyal
KH0005529,26/01/2022,26/01/2022,1,2800000,2800000,"1,545",0,1,Nowzone,Lost
KH000553,27/11/2025,21/12/2025,2,5604800,2802400,120,1,0,Takashimaya,Loyal
KH0005530,26/01/2022,26/01/2022,1,800000,800000,"1,545",0,1,Tiki,Lost
KH0005532,28/01/2022,28/01/2022,1,7505000,7505000,"1,543",0,1,Nowzone,Lost
KH0005533,04/02/2022,16/03/2022,2,4482000,2241000,"1,496",1,1,Lazada,Lost
KH0005534,28/01/2022,28/01/2022,1,7900000,7900000,"1,543",0,1,Zalo,Lost
KH0005537,07/02/2022,07/02/2022,1,980000,980000,"1,533",0,1,Nowzone,Lost
KH0005539,08/02/2022,19/08/2022,2,3430000,1715000,"1,340",1,1,Nowzone,Lost
KH000554,27/11/2025,27/11/2025,1,2998800,2998800,144,0,0,Takashimaya,Loyal
KH0005547,11/02/2022,11/02/2022,1,1500000,1500000,"1,529",0,1,Nowzone,Lost
KH0005548,11/02/2022,11/02/2022,1,1580000,1580000,"1,529",0,1,Website,Lost
KH000555,28/11/2025,28/11/2025,1,2465300,2465300,143,0,0,Takashimaya,Loyal
KH0005550,13/02/2022,13/02/2022,1,8140000,8140000,"1,527",0,1,Nowzone,Lost
KH0005552,10/10/2022,10/10/2022,1,3240000,3240000,"1,288",0,1,Nowzone,Lost
KH0005553,14/02/2022,14/02/2022,1,800000,800000,"1,526",0,1,Tiki,Lost
KH0005554,14/02/2022,14/02/2022,1,680000,680000,"1,526",0,1,Tiki,Lost
KH0005555,14/02/2022,15/02/2022,2,3581600,1790800,"1,525",1,1,Lazada,Lost
KH0005556,14/02/2022,01/07/2023,2,4408000,2204000,"1,024",1,1,Nowzone,Lost
KH0005558,14/02/2022,14/02/2022,1,4000000,4000000,"1,526",0,1,Nowzone,Lost
KH0005559,14/02/2022,18/02/2023,4,7774200,1943550,"1,157",1,1,Nowzone,Lost
KH000556,28/11/2025,13/12/2025,2,17346200,8673100,128,1,0,Takashimaya,Loyal
KH0005560,16/02/2022,19/02/2022,2,7178400,3589200,"1,521",1,1,Internal,Lost
KH0005562,15/02/2022,15/02/2022,1,3600000,3600000,"1,525",0,1,Facebook,Lost
KH0005563,15/02/2022,23/01/2026,8,12168000,1521000,87,1,0,Nowzone,VIP
KH0005564,16/02/2022,02/02/2024,4,7895200,1973800,808,1,1,Internal,Lost
KH0005565,16/02/2022,16/02/2022,1,4780000,4780000,"1,524",0,1,Nowzone,Lost
KH0005567,19/02/2022,10/04/2022,2,10800000,5400000,"1,471",1,1,Nowzone,Lost
KH0005568,20/02/2022,01/03/2022,2,2240000,1120000,"1,511",1,1,Nowzone,Lost
KH0005569,19/02/2022,21/03/2022,2,4038000,2019000,"1,491",1,1,Website,Lost
KH000557,28/11/2025,28/11/2025,1,1167100,1167100,143,0,0,Nowzone,Loyal
KH0005570,22/02/2022,23/03/2022,2,2398000,1199000,"1,489",1,1,Zalo,Lost
KH0005572,23/02/2022,05/08/2022,2,2626000,1313000,"1,354",1,1,Nowzone,Lost
KH0005574,24/02/2022,24/02/2022,1,1580000,1580000,"1,516",0,1,Nowzone,Lost
KH0005576,24/02/2022,24/02/2022,1,1400000,1400000,"1,516",0,1,Tiki,Lost
KH0005578,27/02/2022,27/02/2022,1,1080000,1080000,"1,513",0,1,Website,Lost
KH0005579,28/02/2022,30/11/2023,5,8513000,1702600,872,1,1,Nowzone,Lost
KH000558,28/11/2025,28/11/2025,1,1526000,1526000,143,0,0,Takashimaya,Loyal
KH0005580,25/02/2022,07/03/2022,2,4597000,2298500,"1,505",1,1,Lazada,Lost
KH0005581,27/02/2022,24/05/2022,2,1360000,680000,"1,427",1,1,Tiki,Lost
KH0005585,25/02/2022,25/02/2022,1,1500000,1500000,"1,515",0,1,Zalo,Lost
KH0005587,02/03/2022,08/03/2022,2,2917000,1458500,"1,504",1,1,Zalo,Lost
KH0005588,02/03/2022,02/03/2022,1,1500000,1500000,"1,510",0,1,Website,Lost
KH000559,28/11/2025,28/11/2025,1,5066000,5066000,143,0,0,Takashimaya,Loyal
KH0005594,29/04/2022,29/04/2022,1,2713200,2713200,"1,452",0,1,Website,Lost
KH0005597,04/03/2022,29/10/2023,2,2212800,1106400,904,1,1,Nowzone,Lost
KH0005598,05/03/2022,05/03/2022,1,2130000,2130000,"1,507",0,1,Nowzone,Lost
KH0005599,06/03/2022,13/03/2022,2,5180000,2590000,"1,499",1,1,Nowzone,Lost
KH000560,29/11/2025,13/02/2026,2,5814200,2907100,66,1,0,Nowzone,Loyal
KH0005600,07/03/2022,11/11/2024,3,2580000,860000,525,1,1,Website,At Risk
KH0005603,07/03/2022,07/03/2022,1,2680000,2680000,"1,505",0,1,Website,Lost
KH0005604,01/03/2022,01/03/2022,1,900000,900000,"1,511",0,1,Tiki,Lost
KH0005606,08/03/2022,22/04/2022,3,2899000,966333.3333,"1,459",1,1,Tiki,Lost
KH0005607,09/03/2022,10/03/2022,2,2780000,1390000,"1,502",1,1,Zalo,Lost
KH0005608,09/03/2022,09/03/2022,1,1500000,1500000,"1,503",0,1,Internal,Lost
KH0005609,09/03/2022,09/03/2022,1,980000,980000,"1,503",0,1,Zalo,Lost
KH000561,29/11/2025,29/11/2025,1,891100,891100,142,0,0,Takashimaya,Loyal
KH0005610,09/03/2022,23/09/2024,2,1890000,945000,574,1,1,Nowzone,At Risk
KH0005613,11/03/2022,11/03/2022,1,1400000,1400000,"1,501",0,1,Zalo,Lost
KH0005615,12/03/2022,12/03/2022,1,6500000,6500000,"1,500",0,1,Nowzone,Lost
KH0005616,13/03/2022,27/10/2022,2,2590000,1295000,"1,271",1,1,Nowzone,Lost
KH0005618,14/03/2022,29/03/2023,2,1806000,903000,"1,118",1,1,Nowzone,Lost
KH0005619,23/03/2022,23/03/2022,1,1580000,1580000,"1,489",0,1,Shopee,Lost
KH000562,29/11/2025,29/11/2025,1,3604000,3604000,142,0,0,Takashimaya,Loyal
KH0005620,15/03/2022,15/03/2022,1,3000000,3000000,"1,497",0,1,Zalo,Lost
KH0005621,15/03/2022,04/12/2024,2,14400000,7200000,502,1,1,Zalo,At Risk
KH0005623,16/03/2022,16/03/2022,1,3600000,3600000,"1,496",0,1,Nowzone,Lost
KH0005626,18/03/2022,16/05/2022,2,3380000,1690000,"1,435",1,1,Nowzone,Lost
KH0005627,19/03/2022,19/03/2022,1,3000000,3000000,"1,493",0,1,Nowzone,Lost
KH0005628,19/03/2022,07/07/2024,2,3460000,1730000,652,1,1,Nowzone,At Risk
KH0005629,21/03/2022,21/03/2022,1,1280000,1280000,"1,491",0,1,Nowzone,Lost
KH000563,29/11/2025,29/11/2025,1,2990400,2990400,142,0,0,Takashimaya,Loyal
KH0005630,20/03/2022,30/03/2024,2,1652000,826000,751,1,1,Nowzone,Lost
KH0005631,20/03/2022,20/03/2022,1,9275000,9275000,"1,492",0,1,Nowzone,Lost
KH0005632,21/03/2022,21/03/2022,1,1080000,1080000,"1,491",0,1,Website,Lost
KH0005633,21/03/2022,21/03/2022,1,1800000,1800000,"1,491",0,1,Facebook,Lost
KH0005635,21/03/2022,21/03/2022,1,19260000,19260000,"1,491",0,1,Nowzone,Lost
KH0005638,22/03/2022,22/03/2022,1,1100000,1100000,"1,490",0,1,Zalo,Lost
KH000564,29/11/2025,29/11/2025,1,1035500,1035500,142,0,0,Takashimaya,Loyal
KH0005640,06/04/2022,06/04/2022,1,2500000,2500000,"1,475",0,1,Nowzone,Lost
KH0005644,28/03/2022,28/03/2022,1,1760800,1760800,"1,484",0,1,Lazada,Lost
KH0005647,27/03/2022,27/03/2022,1,3492000,3492000,"1,485",0,1,Nowzone,Lost
KH0005648,28/03/2022,28/03/2022,1,3551100,3551100,"1,484",0,1,Nowzone,Lost
KH0005650,04/04/2022,04/04/2022,1,1365900,1365900,"1,477",0,1,Lazada,Lost
KH0005654,29/03/2022,02/06/2024,3,4940000,1646666.667,687,1,1,Lazada,At Risk
KH0005657,29/03/2022,29/03/2022,1,4922750,4922750,"1,483",0,1,Zalo,Lost
KH0005659,31/03/2022,31/03/2022,1,2470400,2470400,"1,481",0,1,Lazada,Lost
KH000566,29/11/2025,15/04/2026,4,31909620,7977405,5,1,0,Takashimaya,VIP
KH0005660,30/03/2022,30/03/2022,1,980000,980000,"1,482",0,1,Nowzone,Lost
KH0005661,31/03/2022,31/03/2022,1,2330000,2330000,"1,481",0,1,Zalo,Lost
KH0005662,31/03/2022,31/03/2022,1,1800000,1800000,"1,481",0,1,Website,Lost
KH0005663,01/04/2022,16/05/2022,2,1630000,815000,"1,435",1,1,Tiki,Lost
KH000567,29/11/2025,29/11/2025,1,1176100,1176100,142,0,0,Takashimaya,Loyal
KH0005671,19/05/2022,19/05/2022,1,1000000,1000000,"1,432",0,1,Tiki,Lost
KH0005678,06/04/2022,27/04/2023,2,3456480,1728240,"1,089",1,1,Nowzone,Lost
KH000568,30/11/2025,30/11/2025,1,1350000,1350000,141,0,0,Takashimaya,Loyal
KH0005682,08/04/2022,08/04/2022,1,680000,680000,"1,473",0,1,Zalo,Lost
KH0005684,10/04/2022,10/04/2022,1,4929400,4929400,"1,471",0,1,Nowzone,Lost
KH0005685,10/04/2022,10/04/2022,1,2450000,2450000,"1,471",0,1,Nowzone,Lost
KH0005686,11/04/2022,30/04/2022,2,2610000,1305000,"1,451",1,1,Nowzone,Lost
KH0005687,11/04/2022,11/04/2022,1,800000,800000,"1,470",0,1,Nowzone,Lost
KH0005688,08/04/2022,08/04/2022,1,3760000,3760000,"1,473",0,1,Facebook,Lost
KH000569,30/11/2025,30/11/2025,1,758100,758100,141,0,0,Takashimaya,Loyal
KH0005692,12/04/2022,23/04/2024,2,6878000,3439000,727,1,1,Facebook,At Risk
KH0005694,06/12/2024,06/12/2024,1,10693200,10693200,500,0,1,Internal,At Risk
KH0005696,28/04/2025,28/04/2025,1,1750000,1750000,357,0,0,Website,Loyal
KH0005697,25/03/2022,25/03/2022,1,680000,680000,"1,487",0,1,Tiki,Lost
KH000570,30/11/2025,30/11/2025,1,2634400,2634400,141,0,0,Nowzone,Loyal
KH0005700,13/04/2022,13/04/2022,1,3600000,3600000,"1,468",0,1,Internal,Lost
KH0005701,13/04/2022,15/04/2022,2,6800000,3400000,"1,466",1,1,Nowzone,Lost
KH0005702,13/04/2022,15/08/2023,5,15812960,3162592,979,1,1,Nowzone,Lost
KH0005704,14/04/2022,21/11/2022,3,7860000,2620000,"1,246",1,1,Lazada,Lost
KH0005705,14/04/2022,14/04/2022,1,2900000,2900000,"1,467",0,1,Nowzone,Lost
KH0005707,14/04/2022,13/05/2022,2,5328000,2664000,"1,438",1,1,Nowzone,Lost
KH000571,04/12/2025,04/12/2025,1,688000,688000,137,0,0,Zalo,Loyal
KH0005711,15/04/2022,15/04/2022,1,3638000,3638000,"1,466",0,1,Nowzone,Lost
KH0005712,15/04/2022,17/12/2022,2,1880000,940000,"1,220",1,1,Shopee,Lost
KH0005713,15/04/2022,15/04/2022,1,800000,800000,"1,466",0,1,Shopee,Lost
KH0005714,15/04/2022,15/04/2022,1,880000,880000,"1,466",0,1,Shopee,Lost
KH0005715,17/04/2022,17/04/2022,1,900000,900000,"1,464",0,1,Nowzone,Lost
KH0005719,18/04/2022,10/12/2022,2,1880000,940000,"1,227",1,1,Shopee,Lost
KH000572,01/12/2025,01/12/2025,1,880000,880000,140,0,0,Nowzone,Loyal
KH0005722,19/04/2022,19/04/2022,1,680000,680000,"1,462",0,1,Lazada,Lost
KH0005724,20/04/2022,23/05/2025,13,32545940,2503533.846,332,1,0,Zalo,Loyal
KH0005725,21/04/2022,21/04/2022,1,880000,880000,"1,460",0,1,Lazada,Lost
KH0005726,21/04/2022,26/04/2022,2,2180000,1090000,"1,455",1,1,Website,Lost
KH0005728,21/04/2022,21/04/2022,1,5480000,5480000,"1,460",0,1,Nowzone,Lost
KH000573,26/12/2025,26/12/2025,1,938000,938000,115,0,0,Website,Loyal
KH0005730,24/04/2022,24/04/2022,1,2180000,2180000,"1,457",0,1,Nowzone,Lost
KH0005731,24/04/2022,24/04/2022,1,2180000,2180000,"1,457",0,1,Nowzone,Lost
KH0005732,24/04/2022,24/04/2022,1,980000,980000,"1,457",0,1,Nowzone,Lost
KH0005733,25/04/2022,05/06/2024,2,4730000,2365000,684,1,1,Website,At Risk
KH0005734,25/04/2022,25/04/2022,1,1400000,1400000,"1,456",0,1,Lazada,Lost
KH0005735,26/04/2022,26/04/2022,1,4748000,4748000,"1,455",0,1,Zalo,Lost
KH000574,02/12/2025,02/12/2025,1,2380000,2380000,139,0,0,Nowzone,Loyal
KH0005740,29/04/2022,29/04/2022,1,20366000,20366000,"1,452",0,1,Nowzone,Lost
KH0005741,02/05/2022,02/05/2022,1,1500000,1500000,"1,449",0,1,Nowzone,Lost
KH0005745,03/05/2022,05/05/2022,2,1600000,800000,"1,446",1,1,Lazada,Lost
KH0005746,03/05/2022,03/05/2022,1,800000,800000,"1,448",0,1,Shopee,Lost
KH0005747,16/06/2023,20/03/2025,2,6925000,3462500,396,1,1,Zalo,At Risk
KH0005748,04/05/2022,21/08/2023,4,3100000,775000,973,1,1,Nowzone,Lost
KH000575,02/12/2025,02/12/2025,1,880000,880000,139,0,0,Takashimaya,Loyal
KH0005750,05/05/2022,05/05/2022,1,1651100,1651100,"1,446",0,1,Zalo,Lost
KH000576,02/12/2025,02/12/2025,1,12904000,12904000,139,0,0,Zalo,Loyal
KH0005764,07/05/2022,07/05/2022,1,1080000,1080000,"1,444",0,1,Nowzone,Lost
KH0005765,07/05/2022,16/05/2022,3,2500000,833333.3333,"1,435",1,1,Nowzone,Lost
KH0005766,06/05/2022,06/05/2022,1,1800000,1800000,"1,445",0,1,Facebook,Lost
KH0005772,10/05/2022,30/03/2026,3,8707000,2902333.333,21,1,0,Zalo,Loyal
KH0005774,11/05/2022,18/02/2023,4,5380000,1345000,"1,157",1,1,Facebook,Lost
KH0005776,12/05/2022,12/05/2022,1,800000,800000,"1,439",0,1,Lazada,Lost
KH000578,26/12/2025,26/12/2025,1,2400000,2400000,115,0,0,Zalo,Loyal
KH0005782,16/05/2022,13/03/2024,5,6264600,1252920,768,1,1,Lazada,Lost
KH0005783,16/05/2022,20/05/2025,2,3940000,1970000,335,1,0,Shopee,Loyal
KH0005785,16/05/2022,03/10/2022,3,5020000,1673333.333,"1,295",1,1,Website,Lost
KH0005787,16/05/2022,16/05/2022,1,3600000,3600000,"1,435",0,1,Facebook,Lost
KH000579,04/12/2025,04/12/2025,1,1969200,1969200,137,0,0,Takashimaya,Loyal
KH0005790,17/05/2022,09/12/2025,4,12994000,3248500,132,1,0,Nowzone,Loyal
KH0005794,18/05/2022,31/05/2022,2,8660000,4330000,"1,420",1,1,Nowzone,Lost
KH0005795,18/05/2022,04/10/2022,3,3092000,1030666.667,"1,294",1,1,Zalo,Lost
KH0005797,19/05/2022,19/05/2022,1,680000,680000,"1,432",0,1,Shopee,Lost
KH0005799,19/05/2022,19/05/2022,1,1300000,1300000,"1,432",0,1,Zalo,Lost
KH000580,06/12/2025,06/12/2025,1,4599000,4599000,135,0,0,Takashimaya,Loyal
KH0005800,10/07/2022,20/05/2023,2,3828000,1914000,"1,066",1,1,Nowzone,Lost
KH0005806,25/05/2022,25/05/2022,1,438000,438000,"1,426",0,1,Nowzone,Lost
KH000581,06/12/2025,19/12/2025,2,6552000,3276000,122,1,0,Takashimaya,Loyal
KH0005810,26/05/2022,26/05/2022,1,3600000,3600000,"1,425",0,1,Zalo,Lost
KH0005811,26/05/2022,04/09/2023,8,25986300,3248287.5,959,1,1,Nowzone,Lost
KH0005812,29/05/2022,29/05/2022,1,1500000,1500000,"1,422",0,1,Nowzone,Lost
KH0005813,30/05/2022,30/05/2022,1,1380000,1380000,"1,421",0,1,Shopee,Lost
KH000582,06/12/2025,13/04/2026,2,4480000,2240000,7,1,0,Nowzone,Loyal
KH000583,07/12/2025,09/12/2025,2,1876000,938000,132,1,0,Takashimaya,Loyal
KH0005836,30/05/2022,09/06/2022,2,5700000,2850000,"1,411",1,1,Nowzone,Lost
KH000584,07/12/2025,07/12/2025,1,1744000,1744000,134,0,0,Takashimaya,Loyal
KH0005840,01/06/2022,10/09/2022,3,5054000,1684666.667,"1,318",1,1,Shopee,Lost
KH0005844,02/06/2022,02/06/2022,1,1180000,1180000,"1,418",0,1,Nowzone,Lost
KH0005846,03/06/2022,06/06/2022,2,3683100,1841550,"1,414",1,1,Nowzone,Lost
KH0005848,03/06/2022,03/06/2022,1,95000,95000,"1,417",0,1,Nowzone,Lost
KH0005849,04/06/2022,04/06/2022,1,680000,680000,"1,416",0,1,Nowzone,Lost
KH000585,07/12/2025,07/12/2025,1,1680000,1680000,134,0,0,Takashimaya,Loyal
KH0005850,04/06/2022,09/06/2022,2,2916000,1458000,"1,411",1,1,Nowzone,Lost
KH0005852,04/06/2022,14/09/2025,3,3890000,1296666.667,218,1,0,Nowzone,Loyal
KH0005854,06/06/2022,06/06/2022,1,3080000,3080000,"1,414",0,1,Lazada,Lost
KH0005858,05/06/2022,05/06/2022,1,880000,880000,"1,415",0,1,Facebook,Lost
KH0005859,06/06/2022,06/06/2022,1,880000,880000,"1,414",0,1,Tiki,Lost
KH000586,26/12/2025,26/12/2025,1,280000,280000,115,0,0,Zalo,Loyal
KH0005863,06/06/2022,06/06/2022,1,1256000,1256000,"1,414",0,1,Shopee,Lost
KH000587,26/12/2025,26/12/2025,1,1680000,1680000,115,0,0,Event,Loyal
KH0005873,08/06/2022,08/06/2022,1,3384000,3384000,"1,412",0,1,Website,Lost
KH0005875,27/01/2022,27/01/2022,1,400000,400000,"1,544",0,1,Tiki,Lost
KH0005876,08/06/2022,08/06/2022,1,2500000,2500000,"1,412",0,1,Nowzone,Lost
KH0005878,09/06/2022,27/10/2023,5,5204800,1040960,906,1,1,Nowzone,Lost
KH000588,31/12/2025,31/12/2025,1,880000,880000,110,0,0,Event,Loyal
KH0005883,13/06/2022,13/06/2022,1,1580000,1580000,"1,407",0,1,Zalo,Lost
KH0005884,14/06/2022,14/06/2022,1,880000,880000,"1,406",0,1,Shopee,Lost
KH000589,26/12/2025,07/02/2026,2,4780000,2390000,72,1,0,Zalo,Loyal
KH0005891,15/06/2022,15/06/2022,1,657000,657000,"1,405",0,1,Zalo,Lost
KH0005893,16/06/2022,15/08/2025,3,4140000,1380000,248,1,0,Lazada,Loyal
KH0005894,16/06/2022,05/09/2024,4,7436200,1859050,592,1,1,Nowzone,At Risk
KH0005897,17/06/2022,17/06/2022,1,1300000,1300000,"1,403",0,1,Website,Lost
KH000590,26/12/2025,26/12/2025,1,4240000,4240000,115,0,0,Zalo,Loyal
KH0005903,20/06/2022,20/06/2022,1,780000,780000,"1,400",0,1,Website,Lost
KH000591,26/12/2025,31/12/2025,2,1500000,750000,110,1,0,Website,Loyal
KH0005912,24/06/2022,24/06/2022,1,880000,880000,"1,396",0,1,Nowzone,Lost
KH0005913,24/06/2022,24/06/2022,1,1960000,1960000,"1,396",0,1,Nowzone,Lost
KH0005915,25/06/2022,25/06/2022,1,5500000,5500000,"1,395",0,1,Nowzone,Lost
KH0005916,26/06/2022,26/11/2023,2,3180400,1590200,876,1,1,Nowzone,Lost
KH000592,26/12/2025,26/12/2025,1,1680000,1680000,115,0,0,Website,Loyal
KH0005921,27/06/2022,27/06/2022,1,728000,728000,"1,393",0,1,Tiki,Lost
KH0005922,27/06/2022,27/06/2022,1,880000,880000,"1,393",0,1,Zalo,Lost
KH0005923,28/06/2022,30/06/2022,2,4390000,2195000,"1,390",1,1,Website,Lost
KH0005924,28/06/2022,09/02/2023,4,4942400,1235600,"1,166",1,1,Zalo,Lost
KH0005925,28/06/2022,28/06/2022,2,1560000,780000,"1,392",1,1,Tiki,Lost
KH0005926,28/06/2022,28/06/2022,1,438000,438000,"1,392",0,1,Nowzone,Lost
KH0005927,28/06/2022,04/07/2022,2,1550000,775000,"1,386",1,1,Nowzone,Lost
KH0005929,29/06/2022,29/06/2022,1,1580000,1580000,"1,391",0,1,Tiki,Lost
KH000593,09/12/2025,09/12/2025,1,19261440,19261440,132,0,0,Nowzone,Loyal
KH0005930,30/06/2022,30/06/2022,1,5424000,5424000,"1,390",0,1,Nowzone,Lost
KH0005934,03/07/2022,03/07/2022,1,4038000,4038000,"1,387",0,1,Nowzone,Lost
KH0005938,05/07/2022,07/12/2025,7,35578400,5082628.571,134,1,0,Nowzone,Loyal
KH000594,26/12/2025,26/12/2025,1,3840000,3840000,115,0,0,Zalo,Loyal
KH0005940,06/07/2022,06/07/2022,1,880000,880000,"1,384",0,1,Zalo,Lost
KH0005941,06/07/2022,06/07/2022,1,1380000,1380000,"1,384",0,1,Lazada,Lost
KH0005948,07/07/2022,07/07/2022,1,7200000,7200000,"1,383",0,1,Shopee,Lost
KH0005949,07/07/2022,25/02/2026,4,3646680,911670,54,1,0,Shopee,Loyal
KH000595,11/12/2025,11/12/2025,1,11466000,11466000,130,0,0,Takashimaya,Loyal
KH0005951,08/07/2022,15/06/2024,2,5564000,2782000,674,1,1,Website,At Risk
KH0005952,09/07/2022,17/09/2022,3,4552000,1517333.333,"1,311",1,1,Nowzone,Lost
KH0005953,10/07/2022,10/07/2022,1,800000,800000,"1,380",0,1,Nowzone,Lost
KH0005954,11/07/2022,03/04/2024,2,1680000,840000,747,1,1,Shopee,Lost
KH0005956,11/07/2022,11/07/2022,1,4280000,4280000,"1,379",0,1,Nowzone,Lost
KH0005957,11/07/2022,11/07/2022,1,2560000,2560000,"1,379",0,1,Shopee,Lost
KH0005958,11/07/2022,30/11/2023,2,5010000,2505000,872,1,1,Nowzone,Lost
KH000596,12/12/2025,12/12/2025,1,950400,950400,129,0,0,Takashimaya,Loyal
KH0005962,14/07/2022,14/07/2022,1,6600000,6600000,"1,376",0,1,Nowzone,Lost
KH0005963,14/07/2022,14/07/2022,1,4800000,4800000,"1,376",0,1,Zalo,Lost
KH0005964,15/07/2022,15/07/2022,1,1380000,1380000,"1,375",0,1,Tiki,Lost
KH0005965,15/07/2022,15/07/2022,1,376000,376000,"1,375",0,1,Website,Lost
KH0005966,17/07/2022,17/07/2022,1,3200000,3200000,"1,373",0,1,Nowzone,Lost
KH0005967,18/07/2022,31/01/2026,9,9118220,1013135.556,79,1,0,Shopee,Loyal
KH0005969,18/07/2022,18/07/2022,1,3600000,3600000,"1,372",0,1,Zalo,Lost
KH000597,26/12/2025,26/12/2025,1,990000,990000,115,0,0,Zalo,Loyal
KH0005972,18/07/2022,18/07/2022,1,680000,680000,"1,372",0,1,Website,Lost
KH0005973,20/07/2022,23/08/2025,6,8898866,1483144.333,240,1,0,Website,Loyal
KH0005977,21/07/2022,21/07/2022,1,400000,400000,"1,369",0,1,Nowzone,Lost
KH0005978,05/08/2022,02/05/2024,5,3789960,757992,718,1,1,Nowzone,At Risk
KH000598,12/12/2025,12/12/2025,1,3589200,3589200,129,0,0,Takashimaya,Loyal
KH0005980,22/07/2022,22/07/2022,1,3600000,3600000,"1,368",0,1,Nowzone,Lost
KH0005982,23/07/2022,23/07/2022,1,450000,450000,"1,367",0,1,Nowzone,Lost
KH0005983,24/07/2022,24/07/2022,1,400000,400000,"1,366",0,1,Nowzone,Lost
KH0005986,25/07/2022,25/07/2022,1,1203200,1203200,"1,365",0,1,Shopee,Lost
KH0005987,25/07/2022,25/07/2022,1,5280000,5280000,"1,365",0,1,Shopee,Lost
KH0005988,26/07/2022,26/07/2022,1,450000,450000,"1,364",0,1,Website,Lost
KH0005989,27/07/2022,27/07/2022,1,1800000,1800000,"1,363",0,1,Tiki,Lost
KH000599,13/12/2025,14/12/2025,2,5980000,2990000,127,1,0,Nowzone,Loyal
KH0005990,27/07/2022,09/09/2024,4,7634500,1908625,588,1,1,Nowzone,At Risk
KH0005991,27/07/2022,29/07/2022,2,3000000,1500000,"1,361",1,1,Zalo,Lost
KH0005992,28/07/2022,07/02/2023,2,3175200,1587600,"1,168",1,1,Internal,Lost
KH0005993,28/07/2022,28/07/2022,1,920000,920000,"1,362",0,1,Nowzone,Lost
KH0005994,29/07/2022,29/07/2022,1,986600,986600,"1,361",0,1,Zalo,Lost
KH0005998,30/07/2022,30/07/2022,1,400000,400000,"1,360",0,1,Website,Lost
KH0006002,01/08/2022,01/08/2022,1,1080000,1080000,"1,358",0,1,Shopee,Lost
KH0006003,01/08/2022,01/08/2022,1,1960000,1960000,"1,358",0,1,Nowzone,Lost
KH0006004,02/08/2022,04/10/2022,3,8163140,2721046.667,"1,294",1,1,Nowzone,Lost
KH0006005,02/08/2022,03/10/2024,2,7798000,3899000,564,1,1,Nowzone,At Risk
KH0006006,02/08/2022,02/08/2022,1,880000,880000,"1,357",0,1,Nowzone,Lost
KH000601,15/12/2025,15/12/2025,1,3600000,3600000,126,0,0,Nowzone,Loyal
KH0006011,04/08/2022,04/08/2022,1,788500,788500,"1,355",0,1,Nowzone,Lost
KH0006012,04/08/2022,04/08/2022,1,438000,438000,"1,355",0,1,Nowzone,Lost
KH0006017,07/08/2022,07/08/2022,1,12169200,12169200,"1,352",0,1,Nowzone,Lost
KH0006018,07/08/2022,07/08/2022,1,3900000,3900000,"1,352",0,1,Nowzone,Lost
KH000602,15/12/2025,15/12/2025,1,688000,688000,126,0,0,Takashimaya,Loyal
KH0006022,08/08/2022,08/08/2022,1,438000,438000,"1,351",0,1,Shopee,Lost
KH000603,22/12/2025,22/12/2025,1,688000,688000,119,0,0,Website,Loyal
KH0006030,08/08/2022,08/08/2022,1,1938000,1938000,"1,351",0,1,Internal,Lost
KH0006031,16/08/2022,27/02/2023,4,10540000,2635000,"1,148",1,1,Website,Lost
KH000604,17/12/2025,05/01/2026,2,5672000,2836000,105,1,0,Nowzone,Loyal
KH0006040,08/08/2022,08/08/2022,1,3258500,3258500,"1,351",0,1,Nowzone,Lost
KH0006042,08/08/2022,04/10/2025,6,24121274,4020212.333,198,1,0,Nowzone,Loyal
KH0006043,08/08/2022,08/08/2022,1,1910000,1910000,"1,351",0,1,Nowzone,Lost
KH0006044,08/08/2022,08/08/2022,1,7700000,7700000,"1,351",0,1,Nowzone,Lost
KH0006045,08/08/2022,20/12/2023,6,5650000,941666.6667,852,1,1,Internal,Lost
KH0006046,09/08/2022,09/08/2022,1,750000,750000,"1,350",0,1,Shopee,Lost
KH000605,22/12/2025,22/12/2025,1,1080000,1080000,119,0,0,Website,Loyal
KH0006054,09/08/2022,11/08/2022,2,25708000,12854000,"1,348",1,1,Nowzone,Lost
KH0006058,09/08/2022,09/08/2022,1,880000,880000,"1,350",0,1,Website,Lost
KH0006061,10/08/2022,10/08/2022,1,1340000,1340000,"1,349",0,1,Shopee,Lost
KH0006067,19/08/2022,19/08/2022,1,1330000,1330000,"1,340",0,1,Shopee,Lost
KH0006068,10/08/2022,10/08/2022,1,1180000,1180000,"1,349",0,1,Nowzone,Lost
KH000607,18/12/2025,18/12/2025,1,1044000,1044000,123,0,0,Nowzone,Loyal
KH0006071,11/08/2022,18/08/2022,2,4118000,2059000,"1,341",1,1,Zalo,Lost
KH0006074,08/08/2025,08/08/2025,1,4416000,4416000,255,0,0,Takashimaya,Loyal
KH0006075,11/08/2022,23/05/2024,23,72014380,3131060,697,1,1,Nowzone,At Risk
KH0006078,12/08/2022,12/08/2022,1,2900000,2900000,"1,347",0,1,Nowzone,Lost
KH0006079,14/08/2022,11/04/2026,6,12325920,2054320,9,1,0,Nowzone,VIP
KH000608,18/12/2025,18/12/2025,1,1238000,1238000,123,0,0,Takashimaya,Loyal
KH0006084,15/08/2022,15/08/2022,1,1030000,1030000,"1,344",0,1,Shopee,Lost
KH0006085,16/08/2022,16/08/2022,1,6520000,6520000,"1,343",0,1,Zalo,Lost
KH0006086,16/08/2022,16/08/2022,1,2692000,2692000,"1,343",0,1,Shopee,Lost
KH0006087,16/08/2022,10/11/2024,3,3378000,1126000,526,1,1,Internal,At Risk
KH0006089,16/08/2022,16/08/2022,1,1380000,1380000,"1,343",0,1,Website,Lost
KH000609,22/12/2025,22/12/2025,1,1080000,1080000,119,0,0,Zalo,Loyal
KH0006090,16/08/2022,17/01/2023,2,2129999,1064999.5,"1,189",1,1,Shopee,Lost
KH0006091,16/08/2022,12/11/2023,3,1928000,642666.6667,890,1,1,Lazada,Lost
KH0006092,18/08/2022,15/05/2024,3,3380000,1126666.667,705,1,1,Website,At Risk
KH0006094,18/08/2022,18/08/2022,1,5018000,5018000,"1,341",0,1,Zalo,Lost
KH0006096,18/08/2022,18/08/2022,1,880000,880000,"1,341",0,1,Nowzone,Lost
KH0006097,19/08/2022,19/08/2022,1,1280000,1280000,"1,340",0,1,Tiki,Lost
KH0006099,19/08/2022,19/08/2022,1,16700000,16700000,"1,340",0,1,Nowzone,Lost
KH000610,22/12/2025,22/12/2025,1,4812800,4812800,119,0,0,Facebook,Loyal
KH0006100,21/08/2022,27/07/2023,3,3806000,1268666.667,998,1,1,Nowzone,Lost
KH0006101,21/08/2022,30/12/2023,4,6990000,1747500,842,1,1,Nowzone,Lost
KH0006102,21/08/2022,21/08/2022,1,2800000,2800000,"1,338",0,1,Nowzone,Lost
KH0006103,21/08/2022,15/02/2023,2,3050000,1525000,"1,160",1,1,Nowzone,Lost
KH0006104,22/08/2022,24/08/2022,3,3494001,1164667,"1,335",1,1,Shopee,Lost
KH0006105,22/08/2022,22/08/2022,1,800000,800000,"1,337",0,1,Lazada,Lost
KH0006106,22/08/2022,22/08/2022,1,1080000,1080000,"1,337",0,1,Website,Lost
KH0006109,22/08/2022,22/08/2022,1,3000000,3000000,"1,337",0,1,Website,Lost
KH000611,19/12/2025,19/12/2025,1,1280000,1280000,122,0,0,Takashimaya,Loyal
KH0006112,22/08/2022,19/09/2024,4,12390000,3097500,578,1,1,Facebook,At Risk
KH0006115,23/08/2022,06/10/2025,3,8102000,2700666.667,196,1,0,Internal,Loyal
KH0006116,23/08/2022,23/08/2022,1,920000,920000,"1,336",0,1,Website,Lost
KH0006117,24/08/2022,27/05/2023,2,1668500,834250,"1,059",1,1,Website,Lost
KH0006118,24/08/2022,10/09/2022,3,8830000,2943333.333,"1,318",1,1,Nowzone,Lost
KH0006119,24/08/2022,25/04/2025,3,4360000,1453333.333,360,1,0,Nowzone,Loyal
KH000612,21/12/2025,21/12/2025,1,368000,368000,120,0,0,Nowzone,Loyal
KH0006120,24/08/2022,24/08/2022,1,5280000,5280000,"1,335",0,1,Nowzone,Lost
KH0006121,24/08/2022,05/04/2023,2,14593000,7296500,"1,111",1,1,Nowzone,Lost
KH0006124,26/08/2022,26/08/2022,1,1280000,1280000,"1,333",0,1,Website,Lost
KH0006125,25/08/2022,25/08/2022,1,650000,650000,"1,334",0,1,Nowzone,Lost
KH0006126,25/08/2022,20/09/2023,3,5360000,1786666.667,943,1,1,Nowzone,Lost
KH0006128,26/08/2022,26/08/2022,1,1840000,1840000,"1,333",0,1,Internal,Lost
KH000613,21/12/2025,22/12/2025,2,4380000,2190000,119,1,0,Nowzone,Loyal
KH0006130,26/08/2022,26/08/2022,1,8030000,8030000,"1,333",0,1,Nowzone,Lost
KH0006131,27/08/2022,27/08/2022,1,620000,620000,"1,332",0,1,Facebook,Lost
KH0006132,27/08/2022,27/08/2022,1,3600000,3600000,"1,332",0,1,Nowzone,Lost
KH0006133,29/08/2022,29/08/2022,1,880000,880000,"1,330",0,1,Zalo,Lost
KH0006135,29/08/2022,29/08/2022,1,630000,630000,"1,330",0,1,Shopee,Lost
KH0006138,30/08/2022,30/08/2022,1,830000,830000,"1,329",0,1,Shopee,Lost
KH0006139,30/08/2022,30/08/2022,1,680000,680000,"1,329",0,1,Website,Lost
KH000614,21/12/2025,21/12/2025,1,1744000,1744000,120,0,0,Takashimaya,Loyal
KH0006143,30/08/2022,21/06/2024,12,12176000,1014666.667,668,1,1,Zalo,At Risk
KH0006144,31/08/2022,31/08/2022,1,1380000,1380000,"1,328",0,1,Lazada,Lost
KH0006145,31/08/2022,31/07/2025,2,2360000,1180000,263,1,0,Lazada,Loyal
KH000615,21/12/2025,21/12/2025,1,2816000,2816000,120,0,0,Nowzone,Loyal
KH0006151,31/08/2022,31/08/2022,1,800000,800000,"1,328",0,1,Nowzone,Lost
KH0006152,01/09/2022,30/11/2022,3,18165000,6055000,"1,237",1,1,Nowzone,Lost
KH0006153,03/09/2022,07/09/2022,2,15820000,7910000,"1,321",1,1,Nowzone,Lost
KH0006154,04/09/2022,22/09/2024,2,1480000,740000,575,1,1,Nowzone,At Risk
KH0006155,01/09/2022,01/09/2022,1,920000,920000,"1,327",0,1,Zalo,Lost
KH0006158,06/09/2022,06/09/2022,1,650000,650000,"1,322",0,1,Shopee,Lost
KH0006159,06/09/2022,06/09/2022,1,2400000,2400000,"1,322",0,1,Zalo,Lost
KH000616,22/12/2025,22/12/2025,1,1320000,1320000,119,0,0,Facebook,Loyal
KH0006161,06/09/2022,14/11/2022,3,4520000,1506666.667,"1,253",1,1,Tiki,Lost
KH0006162,06/09/2022,06/09/2022,1,4038000,4038000,"1,322",0,1,Zalo,Lost
KH0006163,06/09/2022,06/09/2022,1,2180000,2180000,"1,322",0,1,Zalo,Lost
KH0006164,08/09/2022,08/09/2022,1,438000,438000,"1,320",0,1,Nowzone,Lost
KH0006166,09/09/2022,09/09/2022,1,1360000,1360000,"1,319",0,1,Lazada,Lost
KH0006167,09/09/2022,09/09/2022,1,800000,800000,"1,319",0,1,Tiki,Lost
KH0006168,09/09/2022,20/11/2025,6,11183280,1863880,151,1,0,Zalo,Loyal
KH000617,22/12/2025,23/12/2025,2,5400000,2700000,118,1,0,Zalo,Loyal
KH0006171,09/09/2022,09/09/2022,1,3600000,3600000,"1,319",0,1,Nowzone,Lost
KH0006172,12/09/2022,12/09/2022,1,1280000,1280000,"1,316",0,1,Shopee,Lost
KH000618,22/12/2025,20/03/2026,2,3591200,1795600,31,1,0,Takashimaya,Loyal
KH0006186,13/09/2022,13/09/2022,1,400000,400000,"1,315",0,1,Zalo,Lost
KH0006189,13/09/2022,24/06/2025,15,40950360,2730024,300,1,0,Nowzone,Loyal
KH000619,22/12/2025,22/12/2025,1,950400,950400,119,0,0,Takashimaya,Loyal
KH0006192,14/09/2022,14/09/2022,1,1200000,1200000,"1,314",0,1,Zalo,Lost
KH0006193,14/09/2022,29/01/2026,19,16551600,871136.8421,81,1,0,Shopee,VIP
KH0006194,14/09/2022,14/09/2022,1,940000,940000,"1,314",0,1,Nowzone,Lost
KH0006195,15/09/2022,17/09/2022,2,47520000,23760000,"1,311",1,1,Facebook,Lost
KH0006197,16/09/2022,16/09/2022,1,680000,680000,"1,312",0,1,Nowzone,Lost
KH0006198,18/09/2022,18/09/2022,1,394200,394200,"1,310",0,1,Nowzone,Lost
KH0006199,16/09/2022,16/09/2022,1,1080000,1080000,"1,312",0,1,Shopee,Lost
KH000620,23/12/2025,23/12/2025,1,838000,838000,118,0,0,Takashimaya,Loyal
KH0006200,17/09/2022,17/09/2022,1,680000,680000,"1,311",0,1,Website,Lost
KH0006201,17/09/2022,27/01/2023,3,2580000,860000,"1,179",1,1,Lazada,Lost
KH0006204,20/09/2022,20/09/2022,1,1080000,1080000,"1,308",0,1,Shopee,Lost
KH0006205,20/09/2022,20/09/2022,1,3000000,3000000,"1,308",0,1,Lazada,Lost
KH0006208,20/09/2022,20/09/2022,1,1180000,1180000,"1,308",0,1,Nowzone,Lost
KH000621,23/12/2025,26/12/2025,2,950400,475200,115,1,0,Takashimaya,Loyal
KH0006211,20/09/2022,13/11/2022,3,1730000,576666.6667,"1,254",1,1,Shopee,Lost
KH0006212,21/09/2022,21/09/2022,1,2000000,2000000,"1,307",0,1,Shopee,Lost
KH0006213,21/09/2022,21/09/2022,1,2278000,2278000,"1,307",0,1,Zalo,Lost
KH0006214,21/09/2022,21/09/2022,1,1760000,1760000,"1,307",0,1,Zalo,Lost
KH0006217,23/09/2022,23/09/2022,1,1880000,1880000,"1,305",0,1,Tiki,Lost
KH0006219,26/09/2022,26/09/2022,1,3450000,3450000,"1,302",0,1,Shopee,Lost
KH0006225,26/09/2022,12/10/2022,2,4958000,2479000,"1,286",1,1,Nowzone,Lost
KH0006228,27/09/2022,27/09/2022,1,1100000,1100000,"1,301",0,1,Zalo,Lost
KH0006229,26/09/2022,26/09/2022,1,680000,680000,"1,302",0,1,Website,Lost
KH000623,24/12/2025,11/01/2026,2,12620000,6310000,99,1,0,Nowzone,Loyal
KH0006232,28/09/2022,30/11/2022,6,15088000,2514666.667,"1,237",1,1,Shopee,Lost
KH0006233,28/09/2022,22/07/2023,2,1315000,657500,"1,003",1,1,Lazada,Lost
KH0006234,27/09/2022,27/09/2022,1,250000,250000,"1,301",0,1,Zalo,Lost
KH0006235,28/09/2022,08/07/2024,3,12834200,4278066.667,651,1,1,Nowzone,At Risk
KH0006236,28/09/2022,28/10/2022,2,11176000,5588000,"1,270",1,1,Nowzone,Lost
KH0006239,29/09/2022,29/09/2022,1,1500000,1500000,"1,299",0,1,Nowzone,Lost
KH000624,24/12/2025,24/12/2025,1,10475840,10475840,117,0,0,Takashimaya,Loyal
KH0006240,29/09/2022,29/09/2022,1,1360000,1360000,"1,299",0,1,Facebook,Lost
KH0006241,30/09/2022,20/10/2022,2,4480000,2240000,"1,278",1,1,Nowzone,Lost
KH0006244,01/10/2022,01/10/2022,1,920000,920000,"1,297",0,1,Nowzone,Lost
KH0006245,02/10/2022,02/10/2022,1,720000,720000,"1,296",0,1,Nowzone,Lost
KH0006247,02/10/2022,02/10/2022,1,3000000,3000000,"1,296",0,1,Nowzone,Lost
KH0006248,02/10/2022,02/10/2022,1,830000,830000,"1,296",0,1,Nowzone,Lost
KH000625,28/12/2025,28/12/2025,1,880000,880000,113,0,0,Lazada,Loyal
KH0006250,01/10/2022,01/10/2022,1,798000,798000,"1,297",0,1,Lazada,Lost
KH0006253,03/10/2022,03/10/2022,1,1745000,1745000,"1,295",0,1,Shopee,Lost
KH0006254,03/10/2022,03/10/2022,1,680000,680000,"1,295",0,1,Zalo,Lost
KH0006255,04/10/2022,04/10/2022,1,6006000,6006000,"1,294",0,1,Tiki,Lost
KH0006256,04/10/2022,14/10/2022,3,6073800,2024600,"1,284",1,1,Shopee,Lost
KH0006257,04/10/2022,01/07/2023,4,6409000,1602250,"1,024",1,1,Zalo,Lost
KH0006258,04/10/2022,04/10/2022,1,1532050,1532050,"1,294",0,1,Shopee,Lost
KH000626,31/12/2025,31/12/2025,1,880000,880000,110,0,0,Website,Loyal
KH0006261,04/10/2022,11/11/2024,2,6578000,3289000,525,1,1,Shopee,At Risk
KH0006262,05/10/2022,15/10/2022,4,17161000,4290250,"1,283",1,1,Shopee,Lost
KH0006263,04/10/2022,07/10/2022,2,12414000,6207000,"1,291",1,1,Facebook,Lost
KH0006264,06/10/2022,06/10/2022,1,920000,920000,"1,292",0,1,Zalo,Lost
KH0006266,06/10/2022,04/10/2025,4,4048200,1012050,198,1,0,Shopee,Loyal
KH0006268,27/03/2024,27/03/2024,1,891000,891000,754,0,1,Nowzone,Lost
KH0006269,07/10/2022,07/10/2022,1,985000,985000,"1,291",0,1,Shopee,Lost
KH000627,25/12/2025,25/12/2025,1,3600000,3600000,116,0,0,Takashimaya,Loyal
KH0006274,08/10/2022,08/10/2022,1,1630000,1630000,"1,290",0,1,Nowzone,Lost
KH0006276,09/10/2022,09/10/2022,1,830000,830000,"1,289",0,1,Nowzone,Lost
KH0006278,10/10/2022,05/03/2024,2,3250000,1625000,776,1,1,Lazada,Lost
KH0006279,01/11/2022,25/11/2022,3,3778700,1259566.667,"1,242",1,1,Shopee,Lost
KH000628,26/12/2025,01/01/2026,2,3276000,1638000,109,1,0,Nowzone,Loyal
KH0006288,10/10/2022,10/10/2022,1,3000000,3000000,"1,288",0,1,Shopee,Lost
KH0006289,10/10/2022,10/10/2022,1,4030000,4030000,"1,288",0,1,Facebook,Lost
KH000629,26/12/2025,26/12/2025,1,5767200,5767200,115,0,0,Takashimaya,Loyal
KH0006291,10/10/2022,10/10/2022,1,1500000,1500000,"1,288",0,1,Website,Lost
KH0006297,10/10/2022,10/10/2022,1,905000,905000,"1,288",0,1,Shopee,Lost
KH0006299,10/10/2022,10/10/2022,1,2380000,2380000,"1,288",0,1,Lazada,Lost
KH000630,26/12/2025,26/12/2025,1,5760000,5760000,115,0,0,Takashimaya,Loyal
KH0006309,10/10/2022,10/10/2022,1,800000,800000,"1,288",0,1,Website,Lost
KH000631,27/12/2025,05/04/2026,3,8407400,2802466.667,15,1,0,Takashimaya,Loyal
KH0006311,11/10/2022,11/10/2022,1,1630000,1630000,"1,287",0,1,Website,Lost
KH0006313,11/10/2022,11/10/2022,1,1485000,1485000,"1,287",0,1,Shopee,Lost
KH0006319,12/10/2022,12/10/2022,1,2318000,2318000,"1,286",0,1,Internal,Lost
KH000632,28/12/2025,28/12/2025,1,9532160,9532160,113,0,0,Takashimaya,Loyal
KH0006326,13/10/2022,13/10/2022,1,50000,50000,"1,285",0,1,Shopee,Lost
KH000633,29/12/2025,29/12/2025,1,2365440,2365440,112,0,0,Event,Loyal
KH0006330,13/10/2022,13/10/2022,1,2120000,2120000,"1,285",0,1,Website,Lost
KH0006331,13/10/2022,13/10/2022,1,3000000,3000000,"1,285",0,1,Nowzone,Lost
KH0006333,14/10/2022,10/12/2022,2,1374000,687000,"1,227",1,1,Nowzone,Lost
KH0006334,15/10/2022,25/10/2022,2,5560000,2780000,"1,273",1,1,Nowzone,Lost
KH0006335,16/10/2022,16/10/2022,1,1660000,1660000,"1,282",0,1,Nowzone,Lost
KH0006336,17/10/2022,17/10/2022,1,940000,940000,"1,281",0,1,Tiki,Lost
KH0006339,17/10/2022,25/04/2025,9,23374100,2597122.222,360,1,0,Zalo,Loyal
KH000634,30/12/2025,30/12/2025,1,1980000,1980000,111,0,0,Lazada,Loyal
KH0006340,20/11/2025,20/11/2025,1,487500,487500,151,0,0,Internal,Loyal
KH0006341,17/10/2022,17/10/2022,1,1080000,1080000,"1,281",0,1,Lazada,Lost
KH0006347,19/10/2022,20/12/2022,2,4325000,2162500,"1,217",1,1,Shopee,Lost
KH0006348,18/10/2022,18/10/2022,1,385000,385000,"1,280",0,1,Shopee,Lost
KH0006349,19/10/2022,19/10/2022,1,1080000,1080000,"1,279",0,1,Nowzone,Lost
KH000635,29/12/2025,29/12/2025,1,1170400,1170400,112,0,0,Event,Loyal
KH0006351,20/10/2022,20/10/2022,1,650000,650000,"1,278",0,1,Tiki,Lost
KH0006357,21/10/2022,14/12/2022,2,2080000,1040000,"1,223",1,1,Nowzone,Lost
KH0006358,22/10/2022,12/03/2024,4,12058000,3014500,769,1,1,Zalo,Lost
KH0006359,22/10/2022,22/10/2022,1,1280000,1280000,"1,276",0,1,Nowzone,Lost
KH000636,29/12/2025,29/12/2025,1,2603040,2603040,112,0,0,Event,Loyal
KH0006360,23/10/2022,23/10/2022,1,3600000,3600000,"1,275",0,1,Nowzone,Lost
KH0006362,24/10/2022,24/10/2022,1,360000,360000,"1,274",0,1,Zalo,Lost
KH0006363,22/10/2022,22/10/2022,1,1088000,1088000,"1,276",0,1,Website,Lost
KH000637,29/12/2025,29/12/2025,1,688000,688000,112,0,0,Event,Loyal
KH0006370,26/10/2022,26/10/2022,1,3238000,3238000,"1,272",0,1,Website,Lost
KH0006372,27/10/2022,27/10/2022,1,1118000,1118000,"1,271",0,1,Website,Lost
KH0006374,27/10/2022,27/10/2022,1,438000,438000,"1,271",0,1,Nowzone,Lost
KH0006376,28/10/2022,18/02/2023,2,3080000,1540000,"1,157",1,1,Internal,Lost
KH0006377,28/10/2022,28/10/2022,1,1118000,1118000,"1,270",0,1,Nowzone,Lost
KH0006378,28/10/2022,28/10/2022,1,1580000,1580000,"1,270",0,1,Lazada,Lost
KH000638,29/12/2025,29/12/2025,1,0,0,112,0,0,Facebook,Loyal
KH0006380,29/10/2022,06/11/2022,2,3160000,1580000,"1,261",1,1,Nowzone,Lost
KH0006381,29/10/2022,29/10/2022,1,650000,650000,"1,269",0,1,Nowzone,Lost
KH0006383,30/10/2022,22/10/2024,4,24200000,6050000,545,1,1,Zalo,At Risk
KH0006384,30/10/2022,30/10/2022,1,3600000,3600000,"1,268",0,1,Zalo,Lost
KH0006386,30/10/2022,30/10/2022,1,800000,800000,"1,268",0,1,Website,Lost
KH0006387,31/10/2022,31/10/2022,1,3728000,3728000,"1,267",0,1,Nowzone,Lost
KH0006388,31/10/2022,04/12/2024,2,5338000,2669000,502,1,1,Zalo,At Risk
KH000639,31/12/2025,31/12/2025,1,688000,688000,110,0,0,Zalo,Loyal
KH0006391,01/11/2022,01/11/2022,1,3600000,3600000,"1,266",0,1,Nowzone,Lost
KH0006393,02/11/2022,07/11/2022,3,2410000,803333.3333,"1,260",1,1,Nowzone,Lost
KH0006394,03/11/2022,03/11/2022,1,880000,880000,"1,264",0,1,Nowzone,Lost
KH0006397,27/05/2023,27/05/2023,1,3420000,3420000,"1,059",0,1,Zalo,Lost
KH0006398,06/11/2022,21/08/2024,2,3836000,1918000,607,1,1,Nowzone,At Risk
KH000640,29/12/2025,29/12/2025,1,2464000,2464000,112,0,0,Takashimaya,Loyal
KH0006400,06/11/2022,06/11/2022,1,940000,940000,"1,261",0,1,Tiki,Lost
KH0006402,07/11/2022,15/11/2022,2,5200000,2600000,"1,252",1,1,Nowzone,Lost
KH0006404,07/11/2022,07/11/2022,1,5528000,5528000,"1,260",0,1,Nowzone,Lost
KH0006405,07/11/2022,25/10/2023,6,7126000,1187666.667,908,1,1,Nowzone,Lost
KH0006406,08/11/2022,12/05/2023,2,6350000,3175000,"1,074",1,1,Zalo,Lost
KH0006407,08/11/2022,08/11/2022,1,1900000,1900000,"1,259",0,1,Zalo,Lost
KH0006409,10/11/2022,03/03/2023,2,853960,426980,"1,144",1,1,Website,Lost
KH000641,30/12/2025,30/12/2025,1,3360000,3360000,111,0,0,Takashimaya,Loyal
KH0006410,10/11/2022,31/01/2023,2,12370520,6185260,"1,175",1,1,Zalo,Lost
KH0006412,11/11/2022,11/11/2022,1,911800,911800,"1,256",0,1,Zalo,Lost
KH0006415,11/11/2022,11/11/2022,1,3492000,3492000,"1,256",0,1,Nowzone,Lost
KH0006416,11/11/2022,11/11/2022,1,2114600,2114600,"1,256",0,1,Zalo,Lost
KH000642,30/12/2025,25/01/2026,2,2376000,1188000,85,1,0,Takashimaya,Loyal
KH000643,30/12/2025,30/12/2025,1,990000,990000,111,0,0,Takashimaya,Loyal
KH0006432,12/11/2022,12/11/2022,1,870000,870000,"1,255",0,1,Nowzone,Lost
KH0006434,11/11/2022,11/11/2022,1,2425000,2425000,"1,256",0,1,Lazada,Lost
KH0006435,14/11/2022,14/11/2022,1,2881820,2881820,"1,253",0,1,Lazada,Lost
KH0006436,12/11/2022,12/11/2022,1,680000,680000,"1,255",0,1,Shopee,Lost
KH0006437,13/11/2022,13/11/2022,1,1500000,1500000,"1,254",0,1,Zalo,Lost
KH0006438,14/11/2022,02/05/2024,2,6080000,3040000,718,1,1,Nowzone,At Risk
KH000644,31/12/2025,31/12/2025,1,3129440,3129440,110,0,0,Takashimaya,Loyal
KH0006441,15/11/2022,15/11/2022,1,830000,830000,"1,252",0,1,Nowzone,Lost
KH0006443,16/11/2022,16/11/2022,1,250000,250000,"1,251",0,1,Lazada,Lost
KH0006446,16/11/2022,24/07/2023,2,2620000,1310000,"1,001",1,1,Website,Lost
KH0006447,17/11/2022,17/11/2022,1,1280000,1280000,"1,250",0,1,Tiki,Lost
KH0006451,18/11/2022,30/11/2022,2,1886000,943000,"1,237",1,1,Zalo,Lost
KH0006452,21/11/2022,06/12/2022,3,4938000,1646000,"1,231",1,1,Nowzone,Lost
KH0006453,21/11/2022,29/11/2022,2,10248000,5124000,"1,238",1,1,Nowzone,Lost
KH0006456,24/11/2022,24/11/2022,1,1485000,1485000,"1,243",0,1,Shopee,Lost
KH0006459,23/11/2022,23/11/2022,1,665000,665000,"1,244",0,1,Shopee,Lost
KH000646,31/12/2025,31/12/2025,1,1672000,1672000,110,0,0,Nowzone,Loyal
KH0006460,24/11/2022,24/11/2022,1,800000,800000,"1,243",0,1,Facebook,Lost
KH0006461,24/11/2022,20/12/2023,2,2868000,1434000,852,1,1,Nowzone,Lost
KH0006462,25/11/2022,12/12/2022,2,16278768,8139384,"1,225",1,1,Facebook,Lost
KH0006464,25/11/2022,27/04/2023,2,1585200,792600,"1,089",1,1,Shopee,Lost
KH0006466,25/11/2022,25/11/2022,1,1406200,1406200,"1,242",0,1,Zalo,Lost
KH000647,31/12/2025,31/12/2025,1,2728000,2728000,110,0,0,Takashimaya,Loyal
KH0006470,27/11/2022,27/11/2022,1,3204000,3204000,"1,240",0,1,Nowzone,Lost
KH0006471,27/11/2022,27/11/2022,1,8443800,8443800,"1,240",0,1,Nowzone,Lost
KH0006472,27/11/2022,18/06/2025,2,19083080,9541540,306,1,0,Nowzone,Loyal
KH0006473,26/11/2022,26/11/2022,1,1246000,1246000,"1,241",0,1,Lazada,Lost
KH0006474,26/11/2022,11/12/2022,3,16236400,5412133.333,"1,226",1,1,Facebook,Lost
KH000648,01/01/2026,01/01/2026,1,4142000,4142000,109,0,0,Takashimaya,Loyal
KH0006482,29/11/2022,29/11/2022,1,920000,920000,"1,238",0,1,Nowzone,Lost
KH0006483,25/11/2022,25/11/2022,1,578500,578500,"1,242",0,1,Zalo,Lost
KH0006486,30/11/2022,19/12/2022,3,8065000,2688333.333,"1,218",1,1,Zalo,Lost
KH0006488,29/11/2022,29/11/2022,1,1568000,1568000,"1,238",0,1,Zalo,Lost
KH0006489,30/11/2022,10/12/2022,2,5000000,2500000,"1,227",1,1,Facebook,Lost
KH000649,01/01/2026,01/01/2026,1,1350000,1350000,109,0,0,Takashimaya,Loyal
KH0006494,01/12/2022,01/12/2022,1,3600000,3600000,"1,236",0,1,Nowzone,Lost
KH0006498,05/12/2022,12/11/2025,5,9136200,1827240,159,1,0,Facebook,Loyal
KH000650,01/01/2026,01/01/2026,1,1881000,1881000,109,0,0,Takashimaya,Loyal
KH0006507,05/12/2022,12/10/2023,3,13184800,4394933.333,921,1,1,Facebook,Lost
KH000651,01/01/2026,01/01/2026,1,3192000,3192000,109,0,0,Nowzone,Loyal
KH0006510,06/12/2022,06/12/2022,1,1568000,1568000,"1,231",0,1,Website,Lost
KH0006515,07/12/2022,07/12/2022,1,880000,880000,"1,230",0,1,Website,Lost
KH0006517,08/12/2022,08/12/2022,1,1100000,1100000,"1,229",0,1,Facebook,Lost
KH000652,02/01/2026,02/01/2026,1,1193200,1193200,108,0,0,Takashimaya,Loyal
KH0006525,19/10/2023,19/10/2023,1,468000,468000,914,0,1,Website,Lost
KH000653,03/01/2026,03/01/2026,1,12503900,12503900,107,0,0,Takashimaya,Loyal
KH0006535,09/12/2022,09/12/2022,1,438000,438000,"1,228",0,1,Nowzone,Lost
KH000654,03/01/2026,03/01/2026,1,5937500,5937500,107,0,0,Takashimaya,Loyal
KH0006545,10/12/2022,10/12/2022,1,930000,930000,"1,227",0,1,Nowzone,Lost
KH000655,04/01/2026,04/01/2026,1,1100000,1100000,106,0,0,Nowzone,Loyal
KH000656,04/01/2026,04/01/2026,1,1691000,1691000,106,0,0,Takashimaya,Loyal
KH000657,04/01/2026,04/01/2026,1,3467500,3467500,106,0,0,Takashimaya,Loyal
KH000658,05/01/2026,05/01/2026,1,1090000,1090000,105,0,0,Zalo,Loyal
KH0006581,11/12/2022,11/12/2022,1,4275000,4275000,"1,226",0,1,Nowzone,Lost
KH000659,31/01/2026,31/01/2026,1,1350000,1350000,79,0,0,Zalo,Loyal
KH0006594,10/12/2022,26/08/2025,2,1290000,645000,237,1,0,Website,Loyal
KH0006598,12/12/2022,12/12/2022,1,1100000,1100000,"1,225",0,1,Website,Lost
KH000660,12/01/2026,31/01/2026,2,2110000,1055000,79,1,0,Tiki,Loyal
KH0006601,12/12/2022,12/12/2022,1,965000,965000,"1,225",0,1,Shopee,Lost
KH0006602,12/12/2022,12/12/2022,1,1080000,1080000,"1,225",0,1,Shopee,Lost
KH000661,07/01/2026,07/01/2026,1,880000,880000,103,0,0,Website,Loyal
KH000662,05/01/2026,05/01/2026,1,3192000,3192000,105,0,0,Takashimaya,Loyal
KH000663,05/01/2026,05/01/2026,1,3192000,3192000,105,0,0,Takashimaya,Loyal
KH0006635,12/12/2022,12/12/2022,1,1580000,1580000,"1,225",0,1,Website,Lost
KH0006637,11/12/2022,11/12/2022,1,280000,280000,"1,226",0,1,Internal,Lost
KH0006638,11/12/2022,11/12/2022,1,180000,180000,"1,226",0,1,Internal,Lost
KH0006639,11/12/2022,11/12/2022,1,1494400,1494400,"1,226",0,1,Internal,Lost
KH000664,12/01/2026,12/01/2026,1,8080000,8080000,98,0,0,Facebook,Loyal
KH0006640,11/12/2022,11/12/2022,1,368000,368000,"1,226",0,1,Internal,Lost
KH0006641,11/12/2022,11/12/2022,1,280000,280000,"1,226",0,1,Internal,Lost
KH0006642,13/12/2022,13/12/2022,1,959200,959200,"1,224",0,1,Shopee,Lost
KH0006645,13/12/2022,13/12/2022,1,616000,616000,"1,224",0,1,Shopee,Lost
KH000665,12/01/2026,12/01/2026,1,1800000,1800000,98,0,0,Website,Loyal
KH0006651,13/12/2022,13/12/2022,1,3200000,3200000,"1,224",0,1,Shopee,Lost
KH0006652,13/12/2022,18/11/2024,8,31066400,3883300,518,1,1,Shopee,At Risk
KH0006653,13/12/2022,13/12/2022,1,1380000,1380000,"1,224",0,1,Nowzone,Lost
KH000666,08/01/2026,05/03/2026,2,1776800,888400,46,1,0,Takashimaya,Loyal
KH0006664,14/12/2022,23/08/2023,3,3108000,1036000,971,1,1,Shopee,Lost
KH0006665,14/12/2022,14/12/2022,1,1100000,1100000,"1,223",0,1,Facebook,Lost
KH0006666,14/12/2022,14/12/2022,1,1180000,1180000,"1,223",0,1,Lazada,Lost
KH000667,08/01/2026,08/01/2026,1,2850000,2850000,102,0,0,Nowzone,Loyal
KH0006674,14/12/2022,14/12/2022,1,3376000,3376000,"1,223",0,1,Nowzone,Lost
KH0006676,14/12/2022,17/07/2023,4,4428000,1107000,"1,008",1,1,Nowzone,Lost
KH0006677,15/12/2022,15/12/2022,1,468000,468000,"1,222",0,1,Lazada,Lost
KH0006678,15/12/2022,16/12/2022,2,3426000,1713000,"1,221",1,1,Nowzone,Lost
KH000668,08/01/2026,08/01/2026,1,3389600,3389600,102,0,0,Nowzone,Loyal
KH0006689,16/12/2022,16/12/2022,1,1500000,1500000,"1,221",0,1,Nowzone,Lost
KH000669,08/01/2026,08/01/2026,1,891100,891100,102,0,0,Takashimaya,Loyal
KH0006690,16/12/2022,16/12/2022,1,2680000,2680000,"1,221",0,1,Facebook,Lost
KH0006691,16/12/2022,08/12/2023,3,8588000,2862666.667,864,1,1,Zalo,Lost
KH0006692,16/12/2022,16/12/2022,1,1180000,1180000,"1,221",0,1,Lazada,Lost
KH0006696,06/03/2023,06/03/2023,1,1823400,1823400,"1,141",0,1,Zalo,Lost
KH000670,12/01/2026,12/01/2026,1,1376000,1376000,98,0,0,Zalo,Loyal
KH0006703,19/12/2022,19/12/2022,1,980000,980000,"1,218",0,1,Lazada,Lost
KH0006706,20/12/2022,26/12/2022,2,5362000,2681000,"1,211",1,1,Internal,Lost
KH000671,09/01/2026,09/01/2026,1,13469100,13469100,101,0,0,Takashimaya,Loyal
KH0006711,18/12/2022,18/11/2023,2,32220000,16110000,884,1,1,Nowzone,Lost
KH0006714,19/12/2022,19/12/2022,1,1000000,1000000,"1,218",0,1,Shopee,Lost
KH0006717,19/12/2022,19/12/2022,1,4380000,4380000,"1,218",0,1,Shopee,Lost
KH000672,09/01/2026,11/01/2026,2,20385100,10192550,99,1,0,Takashimaya,Loyal
KH000673,12/01/2026,12/01/2026,1,1350000,1350000,98,0,0,Zalo,Loyal
KH0006737,19/12/2022,19/12/2022,1,918000,918000,"1,218",0,1,Nowzone,Lost
KH000674,10/01/2026,10/01/2026,1,2337000,2337000,100,0,0,Takashimaya,Loyal
KH0006742,20/12/2022,20/12/2022,1,1348000,1348000,"1,217",0,1,Website,Lost
KH0006743,20/12/2022,29/04/2025,6,20259500,3376583.333,356,1,0,Shopee,Loyal
KH0006744,20/12/2022,20/12/2022,1,122400,122400,"1,217",0,1,Nowzone,Lost
KH0006745,20/12/2022,13/01/2023,3,4640000,1546666.667,"1,193",1,1,Nowzone,Lost
KH0006746,20/12/2022,20/12/2022,1,2160000,2160000,"1,217",0,1,Website,Lost
KH0006749,21/12/2022,21/12/2022,1,1080000,1080000,"1,216",0,1,Nowzone,Lost
KH000675,10/01/2026,24/01/2026,2,2715500,1357750,86,1,0,Nowzone,Loyal
KH0006754,21/12/2022,21/12/2022,1,68000,68000,"1,216",0,1,Nowzone,Lost
KH000676,10/01/2026,22/03/2026,2,4829600,2414800,29,1,0,Takashimaya,Loyal
KH0006763,06/02/2023,06/02/2023,1,1080000,1080000,"1,169",0,1,Website,Lost
KH0006764,24/12/2022,24/12/2022,1,1080000,1080000,"1,213",0,1,Shopee,Lost
KH0006765,24/12/2022,06/02/2023,3,6830000,2276666.667,"1,169",1,1,Facebook,Lost
KH0006766,26/12/2022,16/02/2025,5,13585000,2717000,428,1,1,Nowzone,At Risk
KH0006767,26/12/2022,26/12/2022,1,1458000,1458000,"1,211",0,1,Zalo,Lost
KH000677,10/01/2026,10/01/2026,1,2622000,2622000,100,0,0,Takashimaya,Loyal
KH0006771,27/12/2022,23/02/2023,3,17871000,5957000,"1,152",1,1,Nowzone,Lost
KH0006773,27/12/2022,27/12/2022,1,1080000,1080000,"1,210",0,1,Zalo,Lost
KH0006779,28/12/2022,28/12/2022,1,3600000,3600000,"1,209",0,1,Zalo,Lost
KH000678,11/01/2026,11/01/2026,1,2698000,2698000,99,0,0,Takashimaya,Loyal
KH0006780,28/12/2022,18/12/2024,4,41662500,10415625,488,1,1,Zalo,At Risk
KH0006783,09/12/2024,06/10/2025,4,3081037,770259.25,196,1,0,Internal,Loyal
KH0006786,29/12/2022,15/02/2023,2,6865000,3432500,"1,160",1,1,Shopee,Lost
KH000679,11/01/2026,11/01/2026,1,1003200,1003200,99,0,0,Takashimaya,Loyal
KH0006792,30/12/2022,30/12/2022,1,1830000,1830000,"1,207",0,1,Facebook,Lost
KH000680,11/01/2026,11/01/2026,1,1881000,1881000,99,0,0,Takashimaya,Loyal
KH0006804,30/12/2022,30/12/2022,1,1080000,1080000,"1,207",0,1,Nowzone,Lost
KH0006805,06/01/2023,27/10/2023,4,2752160,688040,906,1,1,Zalo,Lost
KH000681,11/01/2026,11/01/2026,1,712500,712500,99,0,0,Takashimaya,Loyal
KH0006813,30/12/2022,09/06/2024,6,6210200,1035033.333,680,1,1,Nowzone,At Risk
KH0006814,01/01/2023,01/01/2023,1,680000,680000,"1,205",0,1,Nowzone,Lost
KH0006815,02/01/2023,02/01/2023,1,9600000,9600000,"1,204",0,1,Nowzone,Lost
KH0006816,02/01/2023,02/01/2023,1,580000,580000,"1,204",0,1,Nowzone,Lost
KH0006817,02/01/2023,02/01/2023,1,5600000,5600000,"1,204",0,1,Nowzone,Lost
KH000682,11/01/2026,11/01/2026,1,4265500,4265500,99,0,0,Takashimaya,Loyal
KH0006829,04/01/2023,10/01/2023,2,1960000,980000,"1,196",1,1,Shopee,Lost
KH000683,12/01/2026,30/03/2026,2,1448000,724000,21,1,0,Event,Loyal
KH0006831,06/02/2023,06/02/2023,1,0,0,"1,169",0,1,Internal,Lost
KH0006833,06/01/2023,06/01/2023,1,730000,730000,"1,200",0,1,Zalo,Lost
KH0006834,06/01/2023,06/01/2023,1,4400000,4400000,"1,200",0,1,Nowzone,Lost
KH0006835,07/01/2023,07/01/2023,1,1980000,1980000,"1,199",0,1,Nowzone,Lost
KH0006838,09/01/2023,09/01/2023,1,468000,468000,"1,197",0,1,Lazada,Lost
KH000684,12/01/2026,12/01/2026,1,1376000,1376000,98,0,0,Event,Loyal
KH0006841,09/01/2023,09/01/2023,1,1980000,1980000,"1,197",0,1,Facebook,Lost
KH0006844,10/01/2023,12/01/2023,2,1760000,880000,"1,194",1,1,Lazada,Lost
KH0006847,11/01/2023,24/02/2024,2,3160000,1580000,786,1,1,Nowzone,Lost
KH000685,12/01/2026,12/01/2026,1,1199000,1199000,98,0,0,Tiki,Loyal
KH0006851,11/01/2023,11/01/2023,1,540000,540000,"1,195",0,1,Internal,Lost
KH0006852,11/01/2023,11/01/2023,1,3760000,3760000,"1,195",0,1,Nowzone,Lost
KH0006858,14/01/2023,30/09/2023,2,1560000,780000,933,1,1,Nowzone,Lost
KH000686,12/01/2026,12/01/2026,1,3000000,3000000,98,0,0,Event,Loyal
KH0006860,14/01/2023,03/07/2024,2,4140000,2070000,656,1,1,Nowzone,At Risk
KH0006861,14/01/2023,14/01/2023,1,1390000,1390000,"1,192",0,1,Nowzone,Lost
KH0006862,15/01/2023,15/01/2023,2,15248000,7624000,"1,191",1,1,Nowzone,Lost
KH0006865,16/01/2023,16/01/2023,1,880000,880000,"1,190",0,1,Zalo,Lost
KH000687,12/01/2026,12/01/2026,1,3494100,3494100,98,0,0,Takashimaya,Loyal
KH0006871,17/01/2023,17/01/2023,1,3600000,3600000,"1,189",0,1,Nowzone,Lost
KH0006872,18/01/2023,18/01/2023,1,1580000,1580000,"1,188",0,1,Nowzone,Lost
KH0006873,19/01/2023,04/04/2026,2,15890000,7945000,16,1,0,Nowzone,Loyal
KH0006874,20/01/2023,22/01/2026,4,6290000,1572500,88,1,0,Nowzone,Loyal
KH0006875,20/01/2023,22/04/2023,2,11200000,5600000,"1,094",1,1,Nowzone,Lost
KH000688,12/01/2026,12/01/2026,1,3325000,3325000,98,0,0,Takashimaya,Loyal
KH0006881,27/01/2023,27/01/2023,1,918000,918000,"1,179",0,1,Nowzone,Lost
KH0006882,27/01/2023,27/01/2023,1,1668000,1668000,"1,179",0,1,Internal,Lost
KH0006883,28/01/2023,28/01/2023,1,4550000,4550000,"1,178",0,1,Tiki,Lost
KH0006885,29/01/2023,29/01/2023,1,1080000,1080000,"1,177",0,1,Shopee,Lost
KH0006887,30/01/2023,13/04/2023,2,2250000,1125000,"1,103",1,1,Website,Lost
KH000689,31/01/2026,31/01/2026,1,688000,688000,79,0,0,Zalo,Loyal
KH0006890,01/02/2023,29/04/2023,3,4646000,1548666.667,"1,087",1,1,Nowzone,Lost
KH0006891,01/02/2023,01/02/2023,1,11600000,11600000,"1,174",0,1,Zalo,Lost
KH0006892,01/02/2023,01/02/2023,1,880000,880000,"1,174",0,1,Facebook,Lost
KH0006897,02/02/2023,02/02/2023,1,1980000,1980000,"1,173",0,1,Nowzone,Lost
KH0006899,03/02/2023,03/02/2023,1,380000,380000,"1,172",0,1,Nowzone,Lost
KH000690,14/01/2026,14/01/2026,1,1544700,1544700,96,0,0,Takashimaya,Loyal
KH0006901,04/02/2023,04/02/2023,1,468000,468000,"1,171",0,1,Tiki,Lost
KH0006902,06/02/2023,06/02/2023,1,1280000,1280000,"1,169",0,1,Tiki,Lost
KH0006904,07/02/2023,10/02/2023,2,3200000,1600000,"1,165",1,1,Shopee,Lost
KH0006905,09/02/2023,10/02/2023,2,1368000,684000,"1,165",1,1,Facebook,Lost
KH0006906,10/02/2023,08/02/2025,3,15948000,5316000,436,1,1,Nowzone,At Risk
KH0006907,10/02/2023,21/09/2025,4,10692560,2673140,211,1,0,Nowzone,Loyal
KH0006908,10/02/2023,11/09/2023,2,3030000,1515000,952,1,1,Nowzone,Lost
KH000691,15/01/2026,15/01/2026,1,3211000,3211000,95,0,0,Nowzone,Loyal
KH0006912,13/02/2023,13/02/2023,2,15130000,7565000,"1,162",1,1,Nowzone,Lost
KH0006913,29/03/2023,29/03/2023,1,1390000,1390000,"1,118",0,1,Zalo,Lost
KH0006914,13/02/2023,23/02/2026,3,5760000,1920000,56,1,0,Facebook,Loyal
KH0006916,14/02/2023,21/08/2023,8,23818320,2977290,973,1,1,Zalo,Lost
KH0006917,14/02/2023,18/06/2024,2,4068000,2034000,671,1,1,Zalo,At Risk
KH0006918,15/02/2023,15/02/2023,1,1560000,1560000,"1,160",0,1,Shopee,Lost
KH000692,15/01/2026,15/01/2026,1,8460700,8460700,95,0,0,Takashimaya,Loyal
KH0006920,16/02/2023,16/02/2023,1,3600000,3600000,"1,159",0,1,Nowzone,Lost
KH0006923,17/02/2023,17/02/2023,1,7880000,7880000,"1,158",0,1,Zalo,Lost
KH0006926,19/02/2023,19/02/2023,1,1390000,1390000,"1,156",0,1,Nowzone,Lost
KH0006927,19/02/2023,19/02/2023,1,7663000,7663000,"1,156",0,1,Nowzone,Lost
KH000693,16/01/2026,16/01/2026,1,4108000,4108000,94,0,0,Takashimaya,Loyal
KH0006930,21/02/2023,09/10/2023,2,3160000,1580000,924,1,1,Zalo,Lost
KH0006931,08/03/2023,10/03/2023,2,4550000,2275000,"1,137",1,1,Facebook,Lost
KH0006932,22/02/2023,22/02/2023,1,145000,145000,"1,153",0,1,Website,Lost
KH0006933,22/02/2023,16/09/2025,2,1309630,654815,216,1,0,Website,Loyal
KH0006934,23/02/2023,23/02/2023,1,980000,980000,"1,152",0,1,Shopee,Lost
KH0006936,23/02/2023,20/09/2024,4,8388000,2097000,577,1,1,Internal,At Risk
KH0006937,23/02/2023,23/02/2023,1,850000,850000,"1,152",0,1,Zalo,Lost
KH0006938,23/02/2023,23/02/2023,1,1380000,1380000,"1,152",0,1,Nowzone,Lost
KH0006939,27/02/2023,27/02/2023,1,1080000,1080000,"1,148",0,1,Website,Lost
KH000694,16/01/2026,16/01/2026,1,2360000,2360000,94,0,0,Nowzone,Loyal
KH0006942,28/02/2023,28/02/2023,1,3000000,3000000,"1,147",0,1,Lazada,Lost
KH0006943,28/02/2023,28/02/2023,1,95000,95000,"1,147",0,1,Nowzone,Lost
KH0006945,01/03/2023,01/03/2023,1,1580000,1580000,"1,146",0,1,Zalo,Lost
KH0006947,01/03/2023,01/03/2023,1,1860000,1860000,"1,146",0,1,Lazada,Lost
KH0006948,02/03/2023,02/03/2023,1,980000,980000,"1,145",0,1,Zalo,Lost
KH000695,17/01/2026,17/01/2026,1,1596000,1596000,93,0,0,Takashimaya,Loyal
KH0006950,04/03/2023,04/03/2023,1,800000,800000,"1,143",0,1,Nowzone,Lost
KH0006951,04/03/2023,04/03/2023,1,3680000,3680000,"1,143",0,1,Nowzone,Lost
KH0006952,06/03/2023,06/03/2023,1,2160000,2160000,"1,141",0,1,Nowzone,Lost
KH0006956,07/03/2023,07/03/2023,1,5196160,5196160,"1,140",0,1,Nowzone,Lost
KH0006957,29/12/2023,29/12/2023,1,1768000,1768000,843,0,1,Zalo,Lost
KH0006958,07/03/2023,07/04/2026,3,1298000,432666.6667,13,1,0,Website,Loyal
KH0006959,08/03/2023,30/11/2023,3,4360000,1453333.333,872,1,1,Tiki,Lost
KH000696,17/01/2026,17/01/2026,1,2880000,2880000,93,0,0,Takashimaya,Loyal
KH0006960,08/03/2023,08/03/2023,1,0,0,"1,139",0,1,Zalo,Lost
KH0006965,13/03/2023,13/03/2023,1,3668000,3668000,"1,134",0,1,Zalo,Lost
KH0006966,13/03/2023,13/03/2023,1,830000,830000,"1,134",0,1,Shopee,Lost
KH0006967,13/03/2023,13/03/2023,1,1600000,1600000,"1,134",0,1,Nowzone,Lost
KH000697,18/01/2026,28/02/2026,2,1760000,880000,51,1,0,Takashimaya,Loyal
KH0006971,15/03/2023,15/11/2024,2,1370000,685000,521,1,1,Facebook,At Risk
KH0006972,15/03/2023,15/03/2023,1,0,0,"1,132",0,1,Internal,Lost
KH0006973,16/03/2023,16/03/2023,1,1200000,1200000,"1,131",0,1,Shopee,Lost
KH0006975,16/03/2023,16/03/2023,1,800000,800000,"1,131",0,1,Nowzone,Lost
KH0006976,16/03/2023,04/09/2023,5,19483400,3896680,959,1,1,Nowzone,Lost
KH0006977,16/03/2023,16/03/2023,1,468000,468000,"1,131",0,1,Nowzone,Lost
KH000698,31/01/2026,31/01/2026,1,1089000,1089000,79,0,0,Tiki,Loyal
KH0006980,19/03/2023,19/03/2023,1,450000,450000,"1,128",0,1,Nowzone,Lost
KH0006981,19/03/2023,21/12/2025,4,13116400,3279100,120,1,0,Nowzone,Loyal
KH0006982,19/03/2023,19/03/2023,1,3600000,3600000,"1,128",0,1,Nowzone,Lost
KH0006983,19/03/2023,19/03/2023,1,990000,990000,"1,128",0,1,Nowzone,Lost
KH0006984,19/03/2023,19/03/2023,1,800000,800000,"1,128",0,1,Nowzone,Lost
KH0006986,20/03/2023,20/03/2023,1,1960000,1960000,"1,127",0,1,Facebook,Lost
KH0006987,20/03/2023,20/03/2023,1,3600000,3600000,"1,127",0,1,Shopee,Lost
KH0006989,20/03/2023,13/06/2024,3,8160000,2720000,676,1,1,Zalo,At Risk
KH000699,31/01/2026,31/01/2026,1,1480000,1480000,79,0,0,Zalo,Loyal
KH0006990,20/03/2023,20/03/2023,1,800000,800000,"1,127",0,1,Nowzone,Lost
KH0006994,21/03/2023,21/03/2023,1,1757500,1757500,"1,126",0,1,Shopee,Lost
KH0006998,22/03/2023,22/03/2023,1,4550000,4550000,"1,125",0,1,Zalo,Lost
KH000700,20/01/2026,20/01/2026,1,990000,990000,90,0,0,Takashimaya,Loyal
KH0007000,22/03/2023,30/03/2023,2,1360000,680000,"1,117",1,1,Nowzone,Lost
KH0007001,22/03/2023,22/03/2023,1,750000,750000,"1,125",0,1,Nowzone,Lost
KH0007002,22/03/2023,20/01/2025,2,7000200,3500100,455,1,1,Nowzone,At Risk
KH0007005,23/03/2023,23/03/2023,1,980000,980000,"1,124",0,1,Zalo,Lost
KH0007006,24/03/2023,24/03/2023,1,1080000,1080000,"1,123",0,1,Tiki,Lost
KH0007007,24/03/2023,14/10/2023,3,7952000,2650666.667,919,1,1,Nowzone,Lost
KH0007008,26/06/2023,26/06/2023,1,1080000,1080000,"1,029",0,1,Tiki,Lost
KH000701,20/01/2026,21/01/2026,2,0,0,89,1,0,Takashimaya,Loyal
KH0007010,24/03/2023,24/03/2023,1,1568000,1568000,"1,123",0,1,Zalo,Lost
KH0007012,24/03/2023,31/01/2026,3,4644000,1548000,79,1,0,Nowzone,Loyal
KH0007013,25/03/2023,25/03/2023,1,980000,980000,"1,122",0,1,Nowzone,Lost
KH0007015,26/03/2023,26/03/2023,1,1480000,1480000,"1,121",0,1,Nowzone,Lost
KH0007017,27/03/2023,27/03/2023,1,1520000,1520000,"1,120",0,1,Shopee,Lost
KH0007018,27/03/2023,27/03/2023,1,1080000,1080000,"1,120",0,1,Shopee,Lost
KH0007019,27/03/2023,27/03/2023,1,1164000,1164000,"1,120",0,1,Shopee,Lost
KH000702,31/01/2026,31/01/2026,1,1300000,1300000,79,0,0,Website,Loyal
KH0007021,27/03/2023,28/03/2023,2,3668000,1834000,"1,119",1,1,Zalo,Lost
KH0007022,27/03/2023,27/03/2023,1,9200000,9200000,"1,120",0,1,Facebook,Lost
KH0007023,28/03/2023,28/03/2023,1,2048000,2048000,"1,119",0,1,Nowzone,Lost
KH0007024,28/03/2023,28/03/2023,1,980000,980000,"1,119",0,1,Nowzone,Lost
KH0007026,29/03/2023,15/04/2025,4,24867100,6216775,370,1,1,Zalo,At Risk
KH0007027,29/03/2023,29/03/2023,1,1800000,1800000,"1,118",0,1,Zalo,Lost
KH000703,31/01/2026,31/01/2026,1,1350000,1350000,79,0,0,Zalo,Loyal
KH0007030,30/03/2023,30/03/2023,1,1600000,1600000,"1,117",0,1,Zalo,Lost
KH0007031,30/03/2023,30/03/2023,1,1480000,1480000,"1,117",0,1,Website,Lost
KH0007032,30/03/2023,30/03/2023,1,2068000,2068000,"1,117",0,1,Zalo,Lost
KH0007033,15/04/2023,15/04/2023,1,1080000,1080000,"1,101",0,1,Lazada,Lost
KH0007034,02/04/2023,02/04/2023,1,680000,680000,"1,114",0,1,Nowzone,Lost
KH0007035,02/08/2023,02/08/2023,1,3600000,3600000,992,0,1,Nowzone,Lost
KH0007037,03/04/2023,03/04/2023,1,450000,450000,"1,113",0,1,Shopee,Lost
KH0007038,03/04/2023,03/04/2023,1,880000,880000,"1,113",0,1,Shopee,Lost
KH000704,21/01/2026,21/01/2026,1,800000,800000,89,0,0,Nowzone,Loyal
KH0007040,03/04/2023,03/04/2023,1,800000,800000,"1,113",0,1,Shopee,Lost
KH0007045,04/04/2023,04/04/2023,1,850000,850000,"1,112",0,1,Shopee,Lost
KH0007047,04/04/2023,12/02/2026,2,1760000,880000,67,1,0,Lazada,Loyal
KH000705,21/01/2026,21/01/2026,1,7200000,7200000,89,0,0,Nowzone,Loyal
KH0007052,05/04/2023,05/04/2023,1,889200,889200,"1,111",0,1,Shopee,Lost
KH0007053,05/04/2023,05/04/2023,1,9200000,9200000,"1,111",0,1,Zalo,Lost
KH0007054,05/04/2023,05/04/2023,1,1180000,1180000,"1,111",0,1,Website,Lost
KH0007055,05/04/2023,17/10/2025,3,4081519,1360506.333,185,1,0,Facebook,Loyal
KH0007056,05/04/2023,05/04/2023,1,2000000,2000000,"1,111",0,1,Nowzone,Lost
KH0007057,06/04/2023,06/04/2023,1,900000,900000,"1,110",0,1,Lazada,Lost
KH0007059,06/04/2023,06/04/2023,1,2180000,2180000,"1,110",0,1,Nowzone,Lost
KH0007062,07/04/2023,07/04/2023,1,2840000,2840000,"1,109",0,1,Nowzone,Lost
KH0007064,09/04/2023,09/04/2023,1,1080000,1080000,"1,107",0,1,Nowzone,Lost
KH0007065,09/04/2023,09/04/2023,1,560000,560000,"1,107",0,1,Shopee,Lost
KH0007066,10/04/2023,13/04/2023,2,3668000,1834000,"1,103",1,1,Zalo,Lost
KH0007067,10/04/2023,12/04/2023,2,1960000,980000,"1,104",1,1,Facebook,Lost
KH0007068,12/04/2023,12/04/2023,1,3763000,3763000,"1,104",0,1,Nowzone,Lost
KH0007070,17/04/2023,17/04/2023,1,595000,595000,"1,099",0,1,Nowzone,Lost
KH0007071,17/04/2023,17/04/2023,1,700000,700000,"1,099",0,1,Website,Lost
KH0007072,17/04/2023,17/04/2023,1,880000,880000,"1,099",0,1,Nowzone,Lost
KH0007073,17/04/2023,17/04/2023,1,2218000,2218000,"1,099",0,1,Nowzone,Lost
KH0007074,17/04/2023,17/04/2023,1,2600000,2600000,"1,099",0,1,Shopee,Lost
KH0007075,18/04/2023,01/06/2025,3,5290000,1763333.333,323,1,0,Nowzone,Loyal
KH0007076,19/04/2023,19/04/2023,1,880000,880000,"1,097",0,1,Shopee,Lost
KH0007077,19/04/2023,07/02/2026,10,17696130,1769613,72,1,0,Lazada,VIP
KH0007078,20/04/2023,20/04/2023,1,1750000,1750000,"1,096",0,1,Nowzone,Lost
KH0007079,22/04/2023,22/04/2023,1,360000,360000,"1,094",0,1,Nowzone,Lost
KH0007080,21/04/2023,21/04/2023,1,1380000,1380000,"1,095",0,1,Shopee,Lost
KH0007081,22/04/2023,31/12/2024,2,3380000,1690000,475,1,1,Website,At Risk
KH0007082,23/04/2023,23/04/2023,1,1298000,1298000,"1,093",0,1,Nowzone,Lost
KH0007083,23/04/2023,23/04/2023,1,2060000,2060000,"1,093",0,1,Shopee,Lost
KH0007084,24/04/2023,24/04/2023,1,1080000,1080000,"1,092",0,1,Facebook,Lost
KH0007085,24/04/2023,24/04/2023,1,280000,280000,"1,092",0,1,Website,Lost
KH0007086,24/04/2023,24/04/2023,1,280000,280000,"1,092",0,1,Website,Lost
KH0007087,24/04/2023,19/10/2023,2,6360000,3180000,914,1,1,Zalo,Lost
KH0007088,25/04/2023,25/04/2023,1,280000,280000,"1,091",0,1,Shopee,Lost
KH0007089,25/04/2023,25/04/2023,1,7990000,7990000,"1,091",0,1,Zalo,Lost
KH000709,21/01/2026,21/01/2026,1,1012000,1012000,89,0,0,Takashimaya,Loyal
KH0007090,26/04/2023,26/04/2023,1,1600000,1600000,"1,090",0,1,Zalo,Lost
KH0007091,26/04/2023,29/12/2023,4,12128000,3032000,843,1,1,Zalo,Lost
KH0007092,26/04/2023,26/04/2023,1,5780000,5780000,"1,090",0,1,Shopee,Lost
KH0007093,27/04/2023,27/04/2023,1,2500000,2500000,"1,089",0,1,Website,Lost
KH0007094,27/04/2023,27/04/2023,1,1300000,1300000,"1,089",0,1,Zalo,Lost
KH0007096,29/04/2023,29/04/2023,1,1168000,1168000,"1,087",0,1,Nowzone,Lost
KH0007097,04/05/2023,04/05/2023,1,2680000,2680000,"1,082",0,1,Shopee,Lost
KH000710,21/01/2026,21/01/2026,1,1480000,1480000,89,0,0,Takashimaya,Loyal
KH0007103,06/05/2023,22/07/2023,2,2301000,1150500,"1,003",1,1,Nowzone,Lost
KH0007104,07/05/2023,07/05/2023,1,1080000,1080000,"1,079",0,1,Nowzone,Lost
KH0007106,29/04/2023,29/04/2023,1,468000,468000,"1,087",0,1,Internal,Lost
KH0007107,29/04/2023,29/04/2023,1,748000,748000,"1,087",0,1,Internal,Lost
KH0007108,29/04/2023,29/04/2023,1,1318000,1318000,"1,087",0,1,Internal,Lost
KH0007109,08/05/2023,08/05/2023,1,1580000,1580000,"1,078",0,1,Nowzone,Lost
KH000711,22/01/2026,22/01/2026,1,990000,990000,88,0,0,Takashimaya,Loyal
KH0007111,08/05/2023,23/07/2023,2,4000000,2000000,"1,002",1,1,Nowzone,Lost
KH0007113,11/05/2023,11/05/2023,1,980000,980000,"1,075",0,1,Tiki,Lost
KH0007115,12/05/2023,12/05/2023,1,2918000,2918000,"1,074",0,1,Nowzone,Lost
KH0007116,22/05/2023,01/06/2023,2,6582600,3291300,"1,054",1,1,Facebook,Lost
KH0007117,13/05/2023,13/05/2023,1,1180000,1180000,"1,073",0,1,Nowzone,Lost
KH0007118,13/05/2023,13/05/2023,1,2360000,2360000,"1,073",0,1,Nowzone,Lost
KH0007119,14/05/2023,14/05/2023,1,1200000,1200000,"1,072",0,1,Facebook,Lost
KH000712,22/01/2026,22/01/2026,1,1100000,1100000,88,0,0,Nowzone,Loyal
KH0007120,14/05/2023,14/05/2023,1,1180000,1180000,"1,072",0,1,Nowzone,Lost
KH0007121,15/05/2023,15/05/2023,1,980000,980000,"1,071",0,1,Zalo,Lost
KH0007122,15/05/2023,15/05/2023,1,2068000,2068000,"1,071",0,1,Website,Lost
KH0007123,13/05/2023,13/05/2023,1,380000,380000,"1,073",0,1,Internal,Lost
KH0007125,16/05/2023,16/05/2023,1,444600,444600,"1,070",0,1,Zalo,Lost
KH0007126,16/05/2023,16/05/2023,1,2470000,2470000,"1,070",0,1,Zalo,Lost
KH0007127,17/05/2023,19/05/2023,2,4438400,2219200,"1,067",1,1,Zalo,Lost
KH000713,26/01/2026,26/01/2026,1,368000,368000,84,0,0,Website,Loyal
KH0007130,17/05/2023,17/05/2023,1,872100,872100,"1,069",0,1,Zalo,Lost
KH0007131,18/05/2023,15/07/2023,2,837500,418750,"1,010",1,1,Shopee,Lost
KH0007132,18/05/2023,18/05/2023,1,740000,740000,"1,068",0,1,Shopee,Lost
KH0007133,18/05/2023,08/09/2023,4,7531000,1882750,955,1,1,Facebook,Lost
KH0007134,18/05/2023,18/05/2023,1,872100,872100,"1,068",0,1,Nowzone,Lost
KH0007135,19/05/2023,19/05/2023,1,1576000,1576000,"1,067",0,1,Shopee,Lost
KH0007136,19/05/2023,19/05/2023,1,940500,940500,"1,067",0,1,Nowzone,Lost
KH0007137,19/05/2023,20/06/2023,2,3359600,1679800,"1,035",1,1,Nowzone,Lost
KH0007138,19/05/2023,23/05/2023,2,3040000,1520000,"1,063",1,1,Zalo,Lost
KH0007139,20/05/2023,20/05/2023,1,617500,617500,"1,066",0,1,Nowzone,Lost
KH000714,23/01/2026,23/01/2026,1,1288000,1288000,87,0,0,Takashimaya,Loyal
KH0007140,21/05/2023,21/05/2023,1,1596000,1596000,"1,065",0,1,Nowzone,Lost
KH0007141,21/05/2023,21/05/2023,1,3420000,3420000,"1,065",0,1,Nowzone,Lost
KH0007143,20/05/2023,09/11/2025,3,4031100,1343700,162,1,0,Zalo,Loyal
KH0007144,21/05/2023,21/05/2023,1,1216000,1216000,"1,065",0,1,Zalo,Lost
KH0007145,31/05/2023,11/01/2024,4,8822800,2205700,830,1,1,Zalo,Lost
KH0007146,22/05/2023,28/05/2023,2,16245000,8122500,"1,058",1,1,Nowzone,Lost
KH0007149,23/05/2023,23/05/2023,1,266000,266000,"1,063",0,1,Shopee,Lost
KH000715,23/01/2026,23/01/2026,1,1656000,1656000,87,0,0,Takashimaya,Loyal
KH0007150,24/05/2023,24/05/2023,1,266000,266000,"1,062",0,1,Shopee,Lost
KH0007151,25/05/2023,25/05/2023,1,1520000,1520000,"1,061",0,1,Nowzone,Lost
KH0007152,26/05/2023,29/05/2023,2,4180000,2090000,"1,057",1,1,Shopee,Lost
KH0007153,26/05/2023,26/05/2023,1,4560000,4560000,"1,060",0,1,Zalo,Lost
KH0007154,26/05/2023,26/05/2023,1,760000,760000,"1,060",0,1,Shopee,Lost
KH0007155,28/05/2023,28/05/2023,1,1360000,1360000,"1,058",0,1,Nowzone,Lost
KH0007157,28/05/2023,28/05/2023,1,2051000,2051000,"1,058",0,1,Shopee,Lost
KH0007158,28/05/2023,28/05/2023,1,836000,836000,"1,058",0,1,Shopee,Lost
KH0007159,28/05/2023,28/05/2023,1,589000,589000,"1,058",0,1,Lazada,Lost
KH000716,23/01/2026,23/01/2026,1,880000,880000,87,0,0,Takashimaya,Loyal
KH0007160,29/05/2023,23/11/2024,6,3780000,630000,513,1,1,Facebook,At Risk
KH0007163,31/05/2023,31/05/2023,1,16128000,16128000,"1,055",0,1,Zalo,Lost
KH0007165,01/06/2023,21/09/2023,2,3278000,1639000,942,1,1,Website,Lost
KH0007166,01/06/2023,01/06/2023,1,468000,468000,"1,054",0,1,Zalo,Lost
KH0007167,01/06/2023,05/06/2023,2,8288000,4144000,"1,050",1,1,Nowzone,Lost
KH000717,29/01/2026,29/01/2026,1,888000,888000,81,0,0,Facebook,Loyal
KH0007170,02/06/2023,02/06/2023,1,3600000,3600000,"1,053",0,1,Zalo,Lost
KH0007171,03/06/2023,03/06/2023,1,2800000,2800000,"1,052",0,1,Nowzone,Lost
KH0007172,03/06/2023,12/09/2024,4,4000000,1000000,585,1,1,Nowzone,At Risk
KH0007173,03/06/2023,03/06/2023,1,800000,800000,"1,052",0,1,Shopee,Lost
KH0007174,04/06/2023,04/06/2023,1,4950000,4950000,"1,051",0,1,Website,Lost
KH0007175,05/06/2023,05/06/2023,1,990000,990000,"1,050",0,1,Zalo,Lost
KH0007176,05/06/2023,05/06/2023,1,1280000,1280000,"1,050",0,1,Website,Lost
KH0007178,05/06/2023,05/06/2023,1,1000000,1000000,"1,050",0,1,Shopee,Lost
KH000718,25/01/2026,01/02/2026,2,7738000,3869000,78,1,0,Nowzone,Loyal
KH0007180,06/06/2023,06/06/2023,1,1014000,1014000,"1,049",0,1,Lazada,Lost
KH0007181,07/06/2023,07/06/2023,1,1060000,1060000,"1,048",0,1,Shopee,Lost
KH0007182,07/06/2023,07/06/2023,1,360000,360000,"1,048",0,1,Shopee,Lost
KH0007183,07/06/2023,07/06/2023,1,4000000,4000000,"1,048",0,1,Shopee,Lost
KH0007184,07/06/2023,07/06/2023,1,3000000,3000000,"1,048",0,1,Nowzone,Lost
KH0007185,07/06/2023,07/06/2023,1,830000,830000,"1,048",0,1,Nowzone,Lost
KH0007186,08/06/2023,08/06/2023,1,468000,468000,"1,047",0,1,Website,Lost
KH0007187,08/06/2023,08/06/2023,1,3200000,3200000,"1,047",0,1,Facebook,Lost
KH0007189,10/06/2023,10/06/2023,1,1180000,1180000,"1,045",0,1,Website,Lost
KH000719,25/01/2026,25/01/2026,1,558000,558000,85,0,0,Takashimaya,Loyal
KH0007190,10/06/2023,10/06/2023,1,650000,650000,"1,045",0,1,Nowzone,Lost
KH0007191,11/06/2023,11/06/2023,1,800000,800000,"1,044",0,1,Nowzone,Lost
KH0007193,11/06/2023,11/06/2023,1,2640000,2640000,"1,044",0,1,Shopee,Lost
KH0007195,12/06/2023,12/06/2023,1,3040000,3040000,"1,043",0,1,Shopee,Lost
KH0007196,13/06/2023,19/10/2023,2,4800000,2400000,914,1,1,Zalo,Lost
KH0007197,14/06/2023,14/06/2023,1,800000,800000,"1,041",0,1,Shopee,Lost
KH0007198,15/06/2023,15/06/2023,1,1600000,1600000,"1,040",0,1,Shopee,Lost
KH0007199,15/06/2023,15/06/2023,1,380000,380000,"1,040",0,1,Nowzone,Lost
KH000720,25/01/2026,25/01/2026,1,2068000,2068000,85,0,0,Nowzone,Loyal
KH0007202,16/06/2023,21/06/2023,2,1980000,990000,"1,034",1,1,Shopee,Lost
KH0007203,17/06/2023,17/06/2023,1,1000000,1000000,"1,038",0,1,Shopee,Lost
KH0007204,17/06/2023,17/06/2023,1,810000,810000,"1,038",0,1,Shopee,Lost
KH0007205,18/06/2023,23/10/2023,2,5810000,2905000,910,1,1,Website,Lost
KH0007206,18/06/2023,18/06/2023,1,800000,800000,"1,037",0,1,Lazada,Lost
KH0007207,18/06/2023,18/06/2023,1,1800000,1800000,"1,037",0,1,Website,Lost
KH0007208,19/06/2023,19/06/2023,1,1600000,1600000,"1,036",0,1,Internal,Lost
KH0007209,20/06/2023,20/06/2023,1,1508000,1508000,"1,035",0,1,Nowzone,Lost
KH000721,29/01/2026,09/02/2026,3,750000,250000,70,1,0,Zalo,Loyal
KH0007210,20/06/2023,20/06/2023,1,880000,880000,"1,035",0,1,Nowzone,Lost
KH0007211,21/06/2023,21/06/2023,1,980000,980000,"1,034",0,1,Nowzone,Lost
KH0007212,22/06/2023,26/07/2023,2,4748000,2374000,999,1,1,Facebook,Lost
KH0007213,22/06/2023,22/06/2023,1,360000,360000,"1,033",0,1,Shopee,Lost
KH0007214,24/06/2023,24/06/2023,1,880000,880000,"1,031",0,1,Nowzone,Lost
KH0007215,24/06/2023,24/06/2023,1,4536000,4536000,"1,031",0,1,Zalo,Lost
KH0007216,25/06/2023,25/06/2023,1,1070000,1070000,"1,030",0,1,Shopee,Lost
KH000722,25/01/2026,25/01/2026,1,3088000,3088000,85,0,0,Takashimaya,Loyal
KH0007220,28/06/2023,28/06/2023,1,880000,880000,"1,027",0,1,Lazada,Lost
KH0007221,28/06/2023,28/06/2023,1,1800000,1800000,"1,027",0,1,Zalo,Lost
KH0007224,30/06/2023,30/07/2023,2,1110000,555000,995,1,1,Shopee,Lost
KH0007225,30/06/2023,30/06/2023,1,2180000,2180000,"1,025",0,1,Nowzone,Lost
KH0007226,30/06/2023,30/06/2023,1,3600000,3600000,"1,025",0,1,Nowzone,Lost
KH0007227,02/07/2023,02/07/2023,1,2180000,2180000,"1,023",0,1,Nowzone,Lost
KH0007228,02/07/2023,10/07/2023,3,6908000,2302666.667,"1,015",1,1,Nowzone,Lost
KH0007229,02/07/2023,02/07/2023,1,2032000,2032000,"1,023",0,1,Nowzone,Lost
KH000723,25/01/2026,25/01/2026,1,938000,938000,85,0,0,Takashimaya,Loyal
KH0007238,01/07/2023,01/07/2023,1,120000,120000,"1,024",0,1,Lazada,Lost
KH0007239,01/07/2023,01/07/2023,2,120000,60000,"1,024",1,1,Lazada,Lost
KH000724,25/01/2026,25/01/2026,1,1177600,1177600,85,0,0,Takashimaya,Loyal
KH0007241,01/07/2023,01/07/2023,1,200000,200000,"1,024",0,1,Lazada,Lost
KH000725,26/01/2026,30/03/2026,10,77501800,7750180,21,1,0,Tiki,VIP
KH0007252,01/07/2023,01/07/2023,1,40000,40000,"1,024",0,1,Shopee,Lost
KH0007255,01/07/2023,01/07/2023,1,40000,40000,"1,024",0,1,Shopee,Lost
KH0007257,01/07/2023,01/07/2023,1,40000,40000,"1,024",0,1,Shopee,Lost
KH0007259,01/07/2023,01/07/2023,1,80000,80000,"1,024",0,1,Shopee,Lost
KH000726,26/01/2026,26/01/2026,1,3368000,3368000,84,0,0,Nowzone,Loyal
KH0007260,01/07/2023,01/07/2023,1,80000,80000,"1,024",0,1,Shopee,Lost
KH0007261,01/07/2023,01/07/2023,1,80000,80000,"1,024",0,1,Shopee,Lost
KH0007262,01/07/2023,01/07/2023,1,40000,40000,"1,024",0,1,Shopee,Lost
KH0007263,01/07/2023,01/07/2023,1,80000,80000,"1,024",0,1,Shopee,Lost
KH0007264,01/07/2023,01/07/2023,2,80000,40000,"1,024",1,1,Shopee,Lost
KH0007265,01/07/2023,01/07/2023,1,40000,40000,"1,024",0,1,Shopee,Lost
KH0007266,01/07/2023,30/11/2023,2,6800000,3400000,872,1,1,Shopee,Lost
KH0007267,11/08/2023,11/08/2023,1,980000,980000,983,0,1,Facebook,Lost
KH0007268,01/07/2023,01/07/2023,1,468000,468000,"1,024",0,1,Shopee,Lost
KH0007269,02/07/2023,02/07/2023,1,468000,468000,"1,023",0,1,Shopee,Lost
KH000727,29/01/2026,29/01/2026,1,980000,980000,81,0,0,Zalo,Loyal
KH000728,27/01/2026,27/01/2026,1,1980000,1980000,83,0,0,Takashimaya,Loyal
KH000729,28/01/2026,07/03/2026,2,3956000,1978000,44,1,0,Takashimaya,Loyal
KH0007299,01/07/2023,01/07/2023,1,40000,40000,"1,024",0,1,Tiki,Lost
KH000730,28/01/2026,28/01/2026,1,2050000,2050000,82,0,0,Nowzone,Loyal
KH0007300,01/07/2023,01/07/2023,1,40000,40000,"1,024",0,1,Tiki,Lost
KH0007301,01/07/2023,01/07/2023,1,508000,508000,"1,024",0,1,Website,Lost
KH0007302,02/07/2023,02/07/2023,1,1600000,1600000,"1,023",0,1,Website,Lost
KH0007305,03/07/2023,31/07/2023,2,7170000,3585000,994,1,1,Nowzone,Lost
KH0007306,03/07/2023,03/07/2023,1,1598000,1598000,"1,022",0,1,Nowzone,Lost
KH0007308,01/07/2023,11/11/2023,2,977000,488500,891,1,1,Lazada,Lost
KH000731,29/01/2026,30/01/2026,2,800000,400000,80,1,0,Facebook,Loyal
KH0007311,05/07/2023,05/07/2023,1,1066000,1066000,"1,020",0,1,Nowzone,Lost
KH0007312,07/07/2023,07/07/2023,1,1400000,1400000,"1,018",0,1,Facebook,Lost
KH0007315,07/07/2023,07/07/2023,1,280000,280000,"1,018",0,1,Shopee,Lost
KH0007316,08/07/2023,08/07/2023,1,5225000,5225000,"1,017",0,1,Nowzone,Lost
KH0007317,09/07/2023,09/07/2023,1,280000,280000,"1,016",0,1,Nowzone,Lost
KH0007318,09/07/2023,09/07/2023,1,2180000,2180000,"1,016",0,1,Facebook,Lost
KH0007319,10/07/2023,10/07/2023,1,468000,468000,"1,015",0,1,Facebook,Lost
KH000732,29/01/2026,29/01/2026,1,1080000,1080000,81,0,0,Nowzone,Loyal
KH000733,30/01/2026,30/01/2026,1,688000,688000,80,0,0,Takashimaya,Loyal
KH000734,31/01/2026,07/02/2026,2,5980000,2990000,72,1,0,Zalo,Loyal
KH0007346,10/07/2023,14/07/2023,2,3200000,1600000,"1,011",1,1,Website,Lost
KH0007355,18/06/2024,18/06/2024,1,1600000,1600000,671,0,1,Zalo,At Risk
KH0007356,11/07/2023,23/12/2023,2,1086000,543000,849,1,1,Lazada,Lost
KH0007357,11/07/2023,11/07/2023,1,760000,760000,"1,014",0,1,Shopee,Lost
KH0007358,12/07/2023,12/07/2023,1,880000,880000,"1,013",0,1,Shopee,Lost
KH0007359,12/07/2023,15/07/2023,2,438000,219000,"1,010",1,1,Shopee,Lost
KH000736,31/01/2026,03/02/2026,2,0,0,76,1,0,Tiki,Loyal
KH0007361,12/07/2023,12/07/2023,1,2180000,2180000,"1,013",0,1,Nowzone,Lost
KH0007362,12/07/2023,06/08/2023,2,4450000,2225000,988,1,1,Facebook,Lost
KH0007363,13/07/2023,13/07/2023,1,428000,428000,"1,012",0,1,Lazada,Lost
KH0007364,13/07/2023,13/07/2023,1,936000,936000,"1,012",0,1,Zalo,Lost
KH0007365,13/07/2023,01/03/2024,4,15562640,3890660,780,1,1,Zalo,Lost
KH0007366,14/07/2023,14/07/2023,1,428000,428000,"1,011",0,1,Shopee,Lost
KH0007367,14/07/2023,14/07/2023,1,428000,428000,"1,011",0,1,Shopee,Lost
KH0007368,14/07/2023,14/07/2023,1,1280000,1280000,"1,011",0,1,Nowzone,Lost
KH0007369,14/07/2023,14/07/2023,1,1000000,1000000,"1,011",0,1,Shopee,Lost
KH000737,31/01/2026,02/02/2026,2,3640000,1820000,77,1,0,Takashimaya,Loyal
KH0007373,14/07/2023,14/07/2023,1,1974000,1974000,"1,011",0,1,Nowzone,Lost
KH0007376,14/07/2023,14/07/2023,1,830000,830000,"1,011",0,1,Internal,Lost
KH000738,31/01/2026,31/01/2026,1,3088000,3088000,79,0,0,Takashimaya,Loyal
KH0007380,16/07/2023,16/07/2023,1,320000,320000,"1,009",0,1,Shopee,Lost
KH0007381,16/07/2023,16/07/2023,1,1560000,1560000,"1,009",0,1,Shopee,Lost
KH0007382,16/07/2023,16/07/2023,1,1180000,1180000,"1,009",0,1,Nowzone,Lost
KH0007383,16/07/2023,16/07/2023,1,1180000,1180000,"1,009",0,1,Nowzone,Lost
KH0007384,17/07/2023,17/07/2023,1,650000,650000,"1,008",0,1,Shopee,Lost
KH0007385,19/07/2023,25/07/2023,2,5960000,2980000,"1,000",1,1,Website,Lost
KH0007386,19/07/2023,19/07/2023,1,1580000,1580000,"1,006",0,1,Zalo,Lost
KH0007388,20/07/2023,20/07/2023,1,3988000,3988000,"1,005",0,1,Shopee,Lost
KH0007389,20/07/2023,20/07/2023,1,680000,680000,"1,005",0,1,Tiki,Lost
KH000739,31/01/2026,14/04/2026,3,4260000,1420000,6,1,0,Takashimaya,Loyal
KH0007390,21/07/2023,21/07/2023,1,1380000,1380000,"1,004",0,1,Lazada,Lost
KH0007391,22/07/2023,22/07/2023,1,2130000,2130000,"1,003",0,1,Nowzone,Lost
KH0007392,22/07/2023,29/08/2024,4,2738000,684500,599,1,1,Lazada,At Risk
KH0007393,24/07/2023,24/07/2023,1,616000,616000,"1,001",0,1,Zalo,Lost
KH0007394,22/07/2023,22/07/2023,1,3560000,3560000,"1,003",0,1,Shopee,Lost
KH0007395,24/07/2023,24/07/2023,1,830000,830000,"1,001",0,1,Nowzone,Lost
KH0007396,24/07/2023,24/07/2023,1,266000,266000,"1,001",0,1,Internal,Lost
KH0007399,25/07/2023,28/07/2023,2,7158000,3579000,997,1,1,Nowzone,Lost
KH000740,31/01/2026,31/01/2026,1,3088000,3088000,79,0,0,Takashimaya,Loyal
KH0007400,25/07/2023,25/07/2023,1,5168000,5168000,"1,000",0,1,Zalo,Lost
KH0007401,25/07/2023,25/07/2023,1,936000,936000,"1,000",0,1,Shopee,Lost
KH0007403,13/04/2025,13/04/2025,1,1230960,1230960,372,0,1,Nowzone,At Risk
KH0007404,27/07/2023,27/07/2023,1,480000,480000,998,0,1,Shopee,Lost
KH0007406,28/07/2023,28/07/2023,1,4000000,4000000,997,0,1,Nowzone,Lost
KH0007409,31/07/2023,05/02/2026,2,3340000,1670000,74,1,0,Nowzone,Loyal
KH000741,31/01/2026,31/01/2026,2,15988000,7994000,79,1,0,Takashimaya,Loyal
KH0007410,31/07/2023,11/08/2025,3,4208000,1402666.667,252,1,0,Facebook,Loyal
KH0007411,31/07/2023,31/07/2023,1,830000,830000,994,0,1,Nowzone,Lost
KH0007413,25/08/2023,15/11/2024,3,3722400,1240800,521,1,1,Internal,At Risk
KH0007414,22/01/2024,22/01/2024,1,740000,740000,819,0,1,Lazada,Lost
KH0007415,02/08/2023,07/02/2026,2,1860000,930000,72,1,0,Website,Loyal
KH0007416,02/08/2023,02/08/2023,1,748000,748000,992,0,1,Internal,Lost
KH0007417,03/08/2023,26/04/2024,78,189885575,2434430.449,724,1,1,Shopee,At Risk
KH0007418,03/08/2023,20/08/2023,2,5718000,2859000,974,1,1,Shopee,Lost
KH000742,31/01/2026,31/01/2026,1,1680000,1680000,79,0,0,Event,Loyal
KH0007420,04/08/2023,04/08/2023,1,830000,830000,990,0,1,Zalo,Lost
KH0007422,06/08/2023,06/08/2023,1,800000,800000,988,0,1,Nowzone,Lost
KH0007423,25/08/2023,25/08/2023,1,2806770,2806770,969,0,1,Shopee,Lost
KH000743,01/02/2026,01/02/2026,1,16016000,16016000,78,0,0,Nowzone,Loyal
KH000744,01/02/2026,01/02/2026,1,1338000,1338000,78,0,0,Takashimaya,Loyal
KH000745,07/02/2026,27/02/2026,2,6688000,3344000,52,1,0,Facebook,Loyal
KH000747,01/02/2026,01/02/2026,1,1580000,1580000,78,0,0,Nowzone,Loyal
KH000748,01/02/2026,01/02/2026,1,838000,838000,78,0,0,Takashimaya,Loyal
KH000749,07/02/2026,07/02/2026,1,6176000,6176000,72,0,0,Facebook,Loyal
KH0007498,25/08/2023,25/08/2023,1,650000,650000,969,0,1,Shopee,Lost
KH000750,07/02/2026,19/03/2026,3,1876000,625333.3333,32,1,0,Facebook,Loyal
KH000751,02/02/2026,13/02/2026,2,5850800,2925400,66,1,0,Nowzone,Loyal
KH0007517,09/08/2023,09/08/2023,1,830000,830000,985,0,1,Facebook,Lost
KH000752,07/02/2026,07/02/2026,1,1680000,1680000,72,0,0,Website,Loyal
KH0007531,08/08/2023,08/08/2023,1,1680000,1680000,986,0,1,Nowzone,Lost
KH0007534,08/08/2023,08/08/2023,1,650000,650000,986,0,1,Nowzone,Lost
KH000754,07/02/2026,09/02/2026,2,0,0,70,1,0,Facebook,Loyal
KH0007548,12/08/2023,12/08/2023,1,1500000,1500000,982,0,1,Nowzone,Lost
KH000755,04/02/2026,04/02/2026,1,3088000,3088000,75,0,0,Takashimaya,Loyal
KH0007554,14/08/2023,19/10/2023,2,8256000,4128000,914,1,1,Nowzone,Lost
KH0007555,16/08/2023,16/08/2023,1,1800000,1800000,978,0,1,Lazada,Lost
KH0007556,15/08/2023,28/12/2023,3,8678000,2892666.667,844,1,1,Nowzone,Lost
KH0007557,18/08/2023,18/08/2023,1,2648000,2648000,976,0,1,Internal,Lost
KH0007558,25/08/2023,25/08/2023,1,11058000,11058000,969,0,1,Zalo,Lost
KH000756,04/02/2026,04/02/2026,1,1288000,1288000,75,0,0,Takashimaya,Loyal
KH0007560,25/08/2023,25/08/2023,1,280000,280000,969,0,1,Website,Lost
KH0007562,17/08/2023,17/08/2023,1,1208000,1208000,977,0,1,Nowzone,Lost
KH0007564,19/08/2023,16/09/2023,2,1410000,705000,947,1,1,Nowzone,Lost
KH0007565,25/08/2023,25/08/2023,1,980000,980000,969,0,1,Shopee,Lost
KH0007567,21/08/2023,03/11/2023,2,11056600,5528300,899,1,1,Nowzone,Lost
KH0007568,22/08/2023,22/08/2023,1,1980000,1980000,972,0,1,Zalo,Lost
KH000757,05/02/2026,05/02/2026,1,1288000,1288000,74,0,0,Facebook,Loyal
KH0007570,23/08/2023,24/11/2023,2,3104000,1552000,878,1,1,Zalo,Lost
KH0007571,26/08/2023,26/08/2023,1,3600000,3600000,968,0,1,Zalo,Lost
KH0007572,28/08/2023,28/08/2023,1,560000,560000,966,0,1,Internal,Lost
KH0007574,26/08/2023,26/08/2023,1,1600000,1600000,968,0,1,Nowzone,Lost
KH0007575,27/08/2023,31/12/2025,3,4570000,1523333.333,110,1,0,Nowzone,Loyal
KH000758,05/02/2026,05/02/2026,1,3000000,3000000,74,0,0,Takashimaya,Loyal
KH0007580,29/08/2023,25/10/2025,10,10426370,1042637,177,1,0,Zalo,Loyal
KH0007581,01/09/2023,01/09/2023,1,10278000,10278000,962,0,1,Facebook,Lost
KH0007583,01/09/2023,27/03/2025,5,17107000,3421400,389,1,1,Nowzone,At Risk
KH0007584,02/09/2023,02/09/2023,1,1600000,1600000,961,0,1,Nowzone,Lost
KH0007586,31/08/2023,31/08/2023,1,4800000,4800000,963,0,1,Facebook,Lost
KH0007588,05/09/2023,19/10/2023,4,6808000,1702000,914,1,1,Event,Lost
KH0007589,05/09/2023,05/09/2023,1,1218000,1218000,958,0,1,Event,Lost
KH000759,05/02/2026,05/02/2026,1,3088000,3088000,74,0,0,Facebook,Loyal
KH0007590,05/09/2023,05/09/2023,1,180000,180000,958,0,1,Event,Lost
KH0007591,05/09/2023,05/09/2023,1,368000,368000,958,0,1,Event,Lost
KH0007592,05/09/2023,05/09/2023,1,1630000,1630000,958,0,1,Event,Lost
KH0007593,05/09/2023,05/09/2023,1,1318000,1318000,958,0,1,Event,Lost
KH0007594,05/09/2023,11/12/2023,2,998000,499000,861,1,1,Event,Lost
KH0007595,05/09/2023,05/09/2023,1,368000,368000,958,0,1,Event,Lost
KH0007596,05/09/2023,05/09/2023,1,1100000,1100000,958,0,1,Event,Lost
KH0007597,05/09/2023,05/09/2023,1,468000,468000,958,0,1,Event,Lost
KH0007598,05/09/2023,04/10/2023,2,5622040,2811020,929,1,1,Nowzone,Lost
KH000760,05/02/2026,05/02/2026,1,800000,800000,74,0,0,Takashimaya,Loyal
KH0007600,08/09/2023,17/07/2024,3,5300000,1766666.667,642,1,1,Zalo,At Risk
KH0007602,08/09/2023,27/11/2023,2,4360000,2180000,875,1,1,Nowzone,Lost
KH0007604,09/09/2023,09/09/2023,1,1560000,1560000,954,0,1,Nowzone,Lost
KH0007606,14/09/2023,29/12/2023,7,23648000,3378285.714,843,1,1,Facebook,Lost
KH0007607,10/09/2023,10/09/2023,1,280000,280000,953,0,1,Lazada,Lost
KH0007609,10/09/2023,10/09/2023,1,1690000,1690000,953,0,1,Nowzone,Lost
KH000761,05/02/2026,05/02/2026,1,2576000,2576000,74,0,0,Takashimaya,Loyal
KH0007610,10/09/2023,10/09/2023,1,3260000,3260000,953,0,1,Nowzone,Lost
KH0007615,11/09/2023,11/09/2023,1,610000,610000,952,0,1,Nowzone,Lost
KH0007616,11/09/2023,11/09/2023,2,11036000,5518000,952,1,1,Nowzone,Lost
KH0007618,19/10/2023,08/01/2024,2,1760000,880000,833,1,1,Facebook,Lost
KH0007619,19/10/2023,19/10/2023,1,990000,990000,914,0,1,Zalo,Lost
KH000762,06/02/2026,06/04/2026,3,3579200,1193066.667,14,1,0,Takashimaya,Loyal
KH0007620,11/09/2023,11/09/2023,1,880000,880000,952,0,1,Lazada,Lost
KH000763,06/02/2026,06/02/2026,1,3088000,3088000,73,0,0,Takashimaya,Loyal
KH000764,07/02/2026,17/04/2026,3,2884200,961400,3,1,0,Website,Loyal
KH000765,06/02/2026,06/02/2026,1,5160000,5160000,73,0,0,Takashimaya,Loyal
KH0007654,19/10/2023,19/10/2023,1,880000,880000,914,0,1,Facebook,Lost
KH000766,06/02/2026,10/02/2026,3,12518000,4172666.667,69,1,0,Takashimaya,VIP
KH0007660,15/09/2023,15/09/2023,1,1980000,1980000,948,0,1,Zalo,Lost
KH000767,07/02/2026,07/02/2026,1,2389000,2389000,72,0,0,Takashimaya,Loyal
KH000768,07/02/2026,08/02/2026,2,9860000,4930000,71,1,0,Takashimaya,Loyal
KH000769,07/02/2026,07/02/2026,1,3088000,3088000,72,0,0,Nowzone,Loyal
KH0007690,13/09/2023,13/09/2023,1,880000,880000,950,0,1,Nowzone,Lost
KH0007695,19/10/2023,19/10/2023,1,790000,790000,914,0,1,Tiki,Lost
KH0007696,18/09/2023,18/09/2023,1,450000,450000,945,0,1,Lazada,Lost
KH0007697,16/09/2023,19/08/2025,6,5670000,945000,244,1,0,Nowzone,Loyal
KH0007698,14/09/2023,04/09/2025,3,10920000,3640000,228,1,0,Nowzone,Loyal
KH0007699,18/09/2023,18/09/2023,1,940000,940000,945,0,1,Facebook,Lost
KH000770,08/02/2026,08/02/2026,1,1580000,1580000,71,0,0,Nowzone,Loyal
KH000771,08/02/2026,08/02/2026,1,2960000,2960000,71,0,0,Takashimaya,Loyal
KH0007712,15/09/2023,20/05/2024,3,7084000,2361333.333,700,1,1,Nowzone,At Risk
KH000772,08/02/2026,08/02/2026,1,3088000,3088000,71,0,0,Nowzone,Loyal
KH0007729,16/09/2023,16/09/2023,1,2028000,2028000,947,0,1,Nowzone,Lost
KH000773,09/02/2026,09/02/2026,1,800000,800000,70,0,0,Facebook,Loyal
KH0007730,17/09/2023,11/10/2023,2,8616000,4308000,922,1,1,Facebook,Lost
KH000774,08/02/2026,08/02/2026,1,1500000,1500000,71,0,0,Takashimaya,Loyal
KH0007747,17/09/2023,19/02/2024,2,3020000,1510000,791,1,1,Nowzone,Lost
KH0007753,17/09/2023,17/09/2023,1,380000,380000,946,0,1,Lazada,Lost
KH0007759,22/09/2023,22/09/2023,1,1760000,1760000,941,0,1,Facebook,Lost
KH000776,09/02/2026,09/02/2026,1,1780000,1780000,70,0,0,Facebook,Loyal
KH0007763,18/09/2023,18/09/2023,1,2500000,2500000,945,0,1,Internal,Lost
KH0007769,19/09/2023,09/04/2025,3,3178000,1059333.333,376,1,1,Nowzone,At Risk
KH000777,09/02/2026,09/02/2026,1,938000,938000,70,0,0,Website,Loyal
KH0007770,22/09/2023,22/09/2023,1,5340000,5340000,941,0,1,Lazada,Lost
KH0007772,20/09/2023,20/09/2023,1,790000,790000,943,0,1,Nowzone,Lost
KH000778,09/02/2026,09/02/2026,1,3088000,3088000,70,0,0,Zalo,Loyal
KH000779,09/02/2026,09/02/2026,1,680000,680000,70,0,0,Zalo,Loyal
KH0007804,24/09/2023,23/02/2025,2,10040000,5020000,421,1,1,Nowzone,At Risk
KH0007805,24/09/2023,24/09/2023,1,710000,710000,939,0,1,Nowzone,Lost
KH000781,10/02/2026,13/02/2026,2,3000000,1500000,66,1,0,Facebook,Loyal
KH000782,13/02/2026,16/03/2026,2,2038000,1019000,35,1,0,Zalo,Loyal
KH0007822,26/09/2023,11/08/2025,3,2500000,833333.3333,252,1,0,Lazada,Loyal
KH0007825,25/09/2023,25/09/2023,1,7200000,7200000,938,0,1,Nowzone,Lost
KH000783,11/02/2026,11/02/2026,1,1880000,1880000,68,0,0,Takashimaya,Loyal
KH0007836,01/11/2023,02/11/2023,2,13984560,6992280,900,1,1,Zalo,Lost
KH000784,11/02/2026,11/02/2026,1,4800000,4800000,68,0,0,Takashimaya,Loyal
KH000785,12/02/2026,12/02/2026,1,3088000,3088000,67,0,0,Takashimaya,Loyal
KH0007851,27/09/2023,27/09/2023,1,1140000,1140000,936,0,1,Nowzone,Lost
KH000786,12/02/2026,12/02/2026,1,280000,280000,67,0,0,Takashimaya,Loyal
KH000787,13/02/2026,13/02/2026,1,688000,688000,66,0,0,Takashimaya,Loyal
KH000788,13/02/2026,13/02/2026,1,1180000,1180000,66,0,0,Takashimaya,Loyal
KH000789,14/02/2026,14/02/2026,1,1800000,1800000,65,0,0,Takashimaya,Loyal
KH000790,14/02/2026,14/02/2026,1,7460000,7460000,65,0,0,Takashimaya,Loyal
KH0007909,02/10/2023,02/10/2023,1,1100000,1100000,931,0,1,Nowzone,Lost
KH000791,15/02/2026,15/02/2026,1,5049000,5049000,64,0,0,Takashimaya,Loyal
KH0007910,03/10/2023,03/10/2023,1,790000,790000,930,0,1,Nowzone,Lost
KH0007914,30/11/2023,30/11/2023,1,4752000,4752000,872,0,1,Internal,Lost
KH0007917,08/10/2023,08/10/2023,1,3260000,3260000,925,0,1,Lazada,Lost
KH0007918,30/11/2023,30/11/2023,1,760000,760000,872,0,1,Tiki,Lost
KH0007919,05/10/2023,09/07/2025,2,970000,485000,285,1,0,Facebook,Loyal
KH000792,15/02/2026,15/02/2026,1,2580000,2580000,64,0,0,Takashimaya,Loyal
KH0007920,30/11/2023,22/10/2024,2,13971000,6985500,545,1,1,Facebook,At Risk
KH0007921,30/11/2023,30/11/2023,1,360000,360000,872,0,1,Shopee,Lost
KH0007923,21/11/2023,21/11/2023,1,800000,800000,881,0,1,Facebook,Lost
KH000793,19/02/2026,19/02/2026,1,368000,368000,60,0,0,Takashimaya,Loyal
KH0007931,10/10/2023,10/10/2023,1,400000,400000,923,0,1,Lazada,Lost
KH0007933,13/10/2023,13/10/2023,1,2360000,2360000,920,0,1,Facebook,Lost
KH0007937,09/10/2023,09/10/2023,1,830000,830000,924,0,1,Nowzone,Lost
KH000794,19/02/2026,19/02/2026,1,880000,880000,60,0,0,Takashimaya,Loyal
KH0007941,13/10/2023,06/02/2026,3,7380000,2460000,73,1,0,Lazada,Loyal
KH0007944,09/02/2026,09/02/2026,1,6176000,6176000,70,0,0,Facebook,Loyal
KH0007946,10/10/2023,10/10/2023,1,5376000,5376000,923,0,1,Nowzone,Lost
KH000795,19/02/2026,19/02/2026,1,909000,909000,60,0,0,Takashimaya,Loyal
KH0007950,11/10/2023,11/10/2023,1,3340800,3340800,922,0,1,Nowzone,Lost
KH0007953,12/10/2023,24/12/2023,2,2196800,1098400,848,1,1,Nowzone,Lost
KH0007955,12/10/2023,20/06/2024,3,8358800,2786266.667,669,1,1,Nowzone,At Risk
KH0007958,16/10/2023,16/10/2023,1,323000,323000,917,0,1,Lazada,Lost
KH000796,20/02/2026,20/02/2026,1,1280000,1280000,59,0,0,Takashimaya,Loyal
KH000797,20/02/2026,20/02/2026,2,6860000,3430000,59,1,0,Takashimaya,Loyal
KH0007979,21/04/2024,21/04/2024,1,280000,280000,729,0,1,Lazada,At Risk
KH000798,20/02/2026,01/04/2026,4,39856500,9964125,19,1,0,Nowzone,VIP
KH0007985,15/10/2023,15/10/2023,1,6063360,6063360,918,0,1,Nowzone,Lost
KH0007986,21/11/2023,21/11/2023,1,990000,990000,881,0,1,Facebook,Lost
KH000800,21/02/2026,02/03/2026,2,2242800,1121400,49,1,0,Takashimaya,Loyal
KH000801,21/02/2026,21/02/2026,1,4800000,4800000,58,0,0,Takashimaya,Loyal
KH000802,22/02/2026,22/02/2026,1,880000,880000,57,0,0,Takashimaya,Loyal
KH000803,22/02/2026,22/02/2026,1,1080000,1080000,57,0,0,Takashimaya,Loyal
KH000804,23/02/2026,23/02/2026,1,1750000,1750000,56,0,0,Website,Loyal
KH000805,27/02/2026,27/02/2026,1,880000,880000,52,0,0,Website,Loyal
KH000806,23/02/2026,23/02/2026,1,1980000,1980000,56,0,0,Takashimaya,Loyal
KH000807,23/02/2026,23/02/2026,1,2238000,2238000,56,0,0,Website,Loyal
KH0008072,30/11/2023,30/11/2023,1,3380000,3380000,872,0,1,Facebook,Lost
KH0008074,18/10/2023,18/10/2023,1,2068000,2068000,915,0,1,Zalo,Lost
KH0008075,18/10/2023,18/10/2023,1,449280,449280,915,0,1,Nowzone,Lost
KH0008079,19/10/2023,19/10/2023,1,844800,844800,914,0,1,Nowzone,Lost
KH000808,27/02/2026,30/03/2026,2,18968000,9484000,21,1,0,Zalo,Loyal
KH0008080,19/10/2023,19/10/2023,1,796800,796800,914,0,1,Nowzone,Lost
KH0008083,26/10/2023,26/10/2023,1,800000,800000,907,0,1,Website,Lost
KH0008086,26/10/2023,26/10/2023,1,850000,850000,907,0,1,Zalo,Lost
KH0008087,25/10/2023,25/10/2023,1,468000,468000,908,0,1,Zalo,Lost
KH0008088,14/11/2023,14/11/2023,1,1580000,1580000,888,0,1,Zalo,Lost
KH0008089,26/10/2023,26/10/2023,1,700000,700000,907,0,1,Zalo,Lost
KH000809,23/02/2026,23/02/2026,1,880000,880000,56,0,0,Takashimaya,Loyal
KH000810,27/02/2026,27/02/2026,1,1980000,1980000,52,0,0,Zalo,Loyal
KH000811,24/02/2026,24/02/2026,1,1737000,1737000,55,0,0,Takashimaya,Loyal
KH0008111,06/11/2023,14/11/2023,2,1568000,784000,888,1,1,Facebook,Lost
KH0008112,02/02/2024,27/02/2026,6,13812000,2302000,52,1,0,Internal,VIP
KH0008113,31/10/2023,31/10/2023,1,652800,652800,902,0,1,Nowzone,Lost
KH0008118,03/11/2023,25/10/2025,3,8335600,2778533.333,177,1,0,Nowzone,Loyal
KH000812,25/02/2026,25/02/2026,1,1500000,1500000,54,0,0,Takashimaya,Loyal
KH0008120,06/11/2023,06/11/2023,1,1750000,1750000,896,0,1,Zalo,Lost
KH0008121,24/11/2023,24/11/2023,1,1980000,1980000,878,0,1,Website,Lost
KH0008122,06/11/2023,06/11/2023,1,7068000,7068000,896,0,1,Nowzone,Lost
KH0008123,08/11/2023,08/11/2023,1,1523000,1523000,894,0,1,Lazada,Lost
KH0008125,08/11/2023,08/11/2023,1,850000,850000,894,0,1,Zalo,Lost
KH0008128,09/11/2023,09/11/2023,1,290000,290000,893,0,1,Facebook,Lost
KH000813,27/02/2026,02/03/2026,2,3990000,1995000,49,1,0,Website,Loyal
KH0008131,10/11/2023,27/02/2026,8,6297997,787249.625,52,1,0,Nowzone,Loyal
KH0008132,10/11/2023,10/03/2024,3,1764000,588000,771,1,1,Nowzone,Lost
KH000814,27/02/2026,27/02/2026,1,3200000,3200000,52,0,0,Zalo,Loyal
KH000815,26/02/2026,26/02/2026,1,1280000,1280000,53,0,0,Takashimaya,Loyal
KH000816,27/02/2026,27/02/2026,1,688000,688000,52,0,0,Zalo,Loyal
KH000817,26/02/2026,26/02/2026,1,2580000,2580000,53,0,0,Takashimaya,Loyal
KH000818,27/02/2026,27/02/2026,1,938000,938000,52,0,0,Takashimaya,Loyal
KH000819,27/02/2026,16/03/2026,5,8340000,1668000,35,1,0,Collaborator,Loyal
KH000820,27/02/2026,27/02/2026,1,750000,750000,52,0,0,Nowzone,Loyal
KH000821,28/02/2026,28/02/2026,1,3645000,3645000,51,0,0,Takashimaya,Loyal
KH000822,28/02/2026,28/02/2026,1,2525400,2525400,51,0,0,Takashimaya,Loyal
KH000823,28/02/2026,28/02/2026,1,1951200,1951200,51,0,0,Takashimaya,Loyal
KH0008230,11/11/2023,11/11/2023,1,3604000,3604000,891,0,1,Nowzone,Lost
KH000824,01/03/2026,01/03/2026,1,2580000,2580000,50,0,0,Takashimaya,Loyal
KH0008241,22/01/2024,22/01/2024,1,268000,268000,819,0,1,Lazada,Lost
KH0008244,13/11/2023,13/11/2023,1,195000,195000,889,0,1,Lazada,Lost
KH0008245,13/11/2023,14/11/2023,2,217000,108500,888,1,1,Lazada,Lost
KH0008246,13/11/2023,13/11/2023,1,194520,194520,889,0,1,Lazada,Lost
KH0008247,13/11/2023,13/11/2023,1,106000,106000,889,0,1,Lazada,Lost
KH0008248,13/11/2023,30/11/2023,2,2268000,1134000,872,1,1,Lazada,Lost
KH0008249,14/11/2023,14/11/2023,1,194520,194520,888,0,1,Lazada,Lost
KH000825,01/03/2026,01/03/2026,1,1280000,1280000,50,0,0,Takashimaya,Loyal
KH0008250,17/11/2023,16/12/2023,3,6800000,2266666.667,856,1,1,Website,Lost
KH0008251,13/11/2023,13/11/2023,1,1080000,1080000,889,0,1,Nowzone,Lost
KH0008252,13/11/2023,13/11/2023,1,5498000,5498000,889,0,1,Nowzone,Lost
KH0008254,15/11/2023,15/11/2023,1,783200,783200,887,0,1,Zalo,Lost
KH0008255,17/11/2023,17/11/2023,1,2330000,2330000,885,0,1,Zalo,Lost
KH0008256,16/11/2023,16/11/2023,1,1861200,1861200,886,0,1,Zalo,Lost
KH0008257,23/11/2023,26/11/2023,2,3576000,1788000,876,1,1,Zalo,Lost
KH000826,01/03/2026,01/03/2026,1,12987000,12987000,50,0,0,Nowzone,Loyal
KH0008261,20/11/2023,20/11/2023,1,872200,872200,882,0,1,Nowzone,Lost
KH0008268,24/11/2023,05/07/2024,3,2808000,936000,654,1,1,Zalo,At Risk
KH000827,01/03/2026,01/03/2026,1,5263200,5263200,50,0,0,Takashimaya,Loyal
KH0008270,14/04/2024,14/04/2024,1,2340000,2340000,736,0,1,Nowzone,Lost
KH0008272,26/11/2023,17/12/2023,2,7983200,3991600,855,1,1,Nowzone,Lost
KH0008273,26/11/2023,05/03/2024,4,14711000,3677750,776,1,1,Nowzone,Lost
KH0008274,30/11/2023,30/11/2023,1,798000,798000,872,0,1,Lazada,Lost
KH0008275,28/11/2023,17/11/2024,2,4500000,2250000,519,1,1,Nowzone,At Risk
KH0008276,28/11/2023,28/11/2023,1,4260000,4260000,874,0,1,Nowzone,Lost
KH0008279,02/12/2023,02/12/2023,1,830000,830000,870,0,1,Nowzone,Lost
KH000828,16/03/2026,16/04/2026,2,10140000,5070000,4,1,0,Website,Loyal
KH0008281,03/12/2023,03/12/2023,1,830000,830000,869,0,1,Nowzone,Lost
KH0008282,29/12/2023,29/12/2023,1,1980000,1980000,843,0,1,Zalo,Lost
KH0008289,07/12/2023,07/12/2023,1,800000,800000,865,0,1,Nowzone,Lost
KH000829,02/03/2026,16/03/2026,2,810000,405000,35,1,0,Website,Loyal
KH0008291,29/12/2023,16/04/2026,3,4460000,1486666.667,4,1,0,Zalo,Loyal
KH0008292,08/12/2023,08/12/2023,1,1580000,1580000,864,0,1,Nowzone,Lost
KH0008295,11/12/2023,29/12/2023,2,1018000,509000,843,1,1,Internal,Lost
KH0008296,10/12/2023,10/12/2023,1,1580000,1580000,862,0,1,Nowzone,Lost
KH0008297,10/12/2023,13/01/2024,3,5900000,1966666.667,828,1,1,Nowzone,Lost
KH000830,04/03/2026,18/04/2026,3,14180000,4726666.667,2,1,0,Nowzone,VIP
KH0008300,11/12/2023,11/12/2023,1,580000,580000,861,0,1,Internal,Lost
KH0008301,11/12/2023,11/12/2023,1,610000,610000,861,0,1,Internal,Lost
KH0008303,11/12/2023,11/12/2023,1,350000,350000,861,0,1,Internal,Lost
KH0008304,11/12/2023,11/12/2023,1,780000,780000,861,0,1,Internal,Lost
KH0008305,11/12/2023,11/12/2023,1,750000,750000,861,0,1,Internal,Lost
KH0008306,11/12/2023,11/12/2023,1,468000,468000,861,0,1,Internal,Lost
KH0008307,11/12/2023,11/12/2023,1,368000,368000,861,0,1,Internal,Lost
KH0008308,11/12/2023,11/12/2023,1,368000,368000,861,0,1,Internal,Lost
KH000831,04/03/2026,04/03/2026,1,1280000,1280000,47,0,0,Takashimaya,Loyal
KH0008313,11/12/2023,11/12/2023,1,830000,830000,861,0,1,Nowzone,Lost
KH000832,04/03/2026,16/03/2026,2,2700000,1350000,35,1,0,Facebook,Loyal
KH0008328,29/12/2023,29/12/2023,1,1180000,1180000,843,0,1,Facebook,Lost
KH0008329,13/12/2023,13/12/2023,1,1160000,1160000,859,0,1,Lazada,Lost
KH000833,30/03/2026,30/03/2026,1,1880000,1880000,21,0,0,Zalo,Loyal
KH0008333,29/12/2023,29/12/2023,1,868000,868000,843,0,1,Facebook,Lost
KH0008335,13/12/2023,27/11/2024,2,2616000,1308000,509,1,1,Nowzone,At Risk
KH000834,06/03/2026,06/03/2026,1,3000000,3000000,45,0,0,Takashimaya,Loyal
KH0008347,18/12/2023,01/03/2024,2,1400000,700000,780,1,1,Zalo,Lost
KH000835,30/03/2026,30/03/2026,1,1280000,1280000,21,0,0,Lazada,Loyal
KH0008353,16/12/2023,16/12/2023,1,450000,450000,856,0,1,Nowzone,Lost
KH0008354,16/12/2023,16/12/2023,1,1530000,1530000,856,0,1,Nowzone,Lost
KH0008355,17/12/2023,17/12/2023,1,950000,950000,855,0,1,Nowzone,Lost
KH0008358,18/12/2023,18/12/2023,1,850000,850000,854,0,1,Nowzone,Lost
KH0008359,18/12/2023,18/12/2023,1,3600000,3600000,854,0,1,Nowzone,Lost
KH000836,06/03/2026,12/03/2026,2,2426400,1213200,39,1,0,Nowzone,Loyal
KH0008362,29/12/2023,06/02/2024,3,41168790,13722930,804,1,1,Zalo,Lost
KH0008364,19/12/2023,19/12/2023,1,1300000,1300000,853,0,1,Nowzone,Lost
KH0008365,19/12/2023,19/03/2026,2,3230000,1615000,32,1,0,Nowzone,Loyal
KH000837,07/03/2026,07/03/2026,1,3859200,3859200,44,0,0,Takashimaya,Loyal
KH0008370,01/03/2024,01/03/2024,1,466000,466000,780,0,1,Lazada,Lost
KH0008371,21/12/2023,21/12/2023,1,468000,468000,851,0,1,Nowzone,Lost
KH0008375,29/12/2023,29/12/2023,1,263000,263000,843,0,1,Website,Lost
KH0008379,28/12/2023,28/12/2023,1,1836000,1836000,844,0,1,Zalo,Lost
KH000838,07/03/2026,07/03/2026,1,1080000,1080000,44,0,0,Takashimaya,Loyal
KH0008384,26/12/2023,26/12/2023,1,238000,238000,846,0,1,Lazada,Lost
KH0008385,29/12/2023,29/12/2023,1,1103300,1103300,843,0,1,Facebook,Lost
KH000839,07/03/2026,07/03/2026,1,1280000,1280000,44,0,0,Takashimaya,Loyal
KH0008390,29/12/2023,29/12/2023,1,450000,450000,843,0,1,Zalo,Lost
KH0008391,28/12/2023,28/12/2023,1,1090000,1090000,844,0,1,Website,Lost
KH0008392,26/12/2023,03/03/2024,3,9900000,3300000,778,1,1,Nowzone,Lost
KH0008393,29/12/2023,29/12/2023,1,1945600,1945600,843,0,1,Internal,Lost
KH0008394,28/12/2023,28/12/2023,1,645000,645000,844,0,1,Lazada,Lost
KH0008395,29/12/2023,09/01/2024,2,2640000,1320000,832,1,1,Zalo,Lost
KH0008397,03/01/2024,09/01/2024,2,8400000,4200000,832,1,1,Lazada,Lost
KH0008398,28/12/2023,28/12/2023,1,1678000,1678000,844,0,1,Nowzone,Lost
KH000840,07/03/2026,07/03/2026,1,3860000,3860000,44,0,0,Takashimaya,Loyal
KH0008400,29/12/2023,29/12/2023,1,680000,680000,843,0,1,Nowzone,Lost
KH0008402,30/12/2023,30/12/2023,1,1580000,1580000,842,0,1,Nowzone,Lost
KH0008404,01/01/2024,01/01/2024,1,800000,800000,840,0,1,Nowzone,Lost
KH0008405,01/01/2024,01/01/2024,1,1298000,1298000,840,0,1,Nowzone,Lost
KH0008406,01/01/2024,01/01/2024,1,800000,800000,840,0,1,Nowzone,Lost
KH0008407,03/01/2024,03/01/2024,1,1580000,1580000,838,0,1,Website,Lost
KH0008408,04/01/2024,04/01/2024,1,2068000,2068000,837,0,1,Zalo,Lost
KH000841,08/03/2026,08/03/2026,1,5090000,5090000,43,0,0,Takashimaya,Loyal
KH0008410,03/01/2024,03/01/2024,1,880000,880000,838,0,1,Lazada,Lost
KH0008411,02/01/2024,02/01/2024,1,1580000,1580000,839,0,1,Nowzone,Lost
KH0008412,03/01/2024,03/01/2024,1,238000,238000,838,0,1,Lazada,Lost
KH0008414,08/01/2024,08/01/2024,1,4680000,4680000,833,0,1,Zalo,Lost
KH0008415,05/01/2024,05/01/2024,1,1760000,1760000,836,0,1,Nowzone,Lost
KH0008416,06/01/2024,06/01/2024,1,2580000,2580000,835,0,1,Lazada,Lost
KH0008418,08/01/2024,08/01/2024,1,1580000,1580000,833,0,1,Nowzone,Lost
KH0008419,10/01/2024,02/02/2024,2,4450000,2225000,808,1,1,Facebook,Lost
KH000842,08/03/2026,08/03/2026,1,3600000,3600000,43,0,0,Takashimaya,Loyal
KH0008421,07/01/2024,07/01/2024,1,880000,880000,834,0,1,Nowzone,Lost
KH0008425,08/07/2024,08/07/2024,1,2180000,2180000,651,0,1,Nowzone,At Risk
KH0008429,02/02/2024,25/02/2025,3,3570000,1190000,419,1,1,Website,At Risk
KH000843,08/03/2026,09/03/2026,2,3645000,1822500,42,1,0,Nowzone,Loyal
KH0008431,12/01/2024,12/01/2024,1,2660000,2660000,829,0,1,Nowzone,Lost
KH0008433,13/01/2024,13/01/2024,1,3600000,3600000,828,0,1,Nowzone,Lost
KH0008434,14/01/2024,10/08/2025,3,6202000,2067333.333,253,1,0,Nowzone,Loyal
KH0008436,14/01/2024,24/09/2024,2,3934200,1967100,573,1,1,Nowzone,At Risk
KH0008437,31/01/2024,02/02/2024,2,3999457,1999728.5,808,1,1,Zalo,Lost
KH000844,08/03/2026,08/03/2026,1,1680000,1680000,43,0,0,Takashimaya,Loyal
KH000845,30/03/2026,30/03/2026,1,1365000,1365000,21,0,0,TikTok,Loyal
KH0008450,12/03/2024,12/03/2024,1,828000,828000,769,0,1,Lazada,Lost
KH0008452,17/01/2024,19/01/2026,4,6516000,1629000,91,1,0,Nowzone,Loyal
KH0008453,18/01/2024,18/01/2024,1,850000,850000,823,0,1,Nowzone,Lost
KH0008455,20/01/2024,26/01/2024,3,4346000,1448666.667,815,1,1,Lazada,Lost
KH0008456,22/01/2024,09/12/2024,2,2290000,1145000,497,1,1,Website,At Risk
KH0008459,23/01/2024,23/01/2024,1,990000,990000,818,0,1,Website,Lost
KH0008460,22/01/2024,22/01/2024,1,268000,268000,819,0,1,Lazada,Lost
KH0008461,22/01/2024,22/01/2024,1,536000,536000,819,0,1,Lazada,Lost
KH0008462,22/01/2024,22/01/2024,1,800000,800000,819,0,1,Lazada,Lost
KH0008463,24/01/2024,24/01/2024,1,230000,230000,817,0,1,Lazada,Lost
KH0008469,23/01/2024,07/03/2024,2,2780000,1390000,774,1,1,Nowzone,Lost
KH000847,16/03/2026,16/03/2026,1,4800000,4800000,35,0,0,Website,Loyal
KH0008471,24/01/2024,24/01/2024,1,468000,468000,817,0,1,Nowzone,Lost
KH0008476,25/01/2024,25/01/2024,1,1680000,1680000,816,0,1,Nowzone,Lost
KH000848,13/03/2026,13/03/2026,1,990000,990000,38,0,0,Takashimaya,Loyal
KH0008484,29/01/2024,29/01/2024,1,3301200,3301200,812,0,1,Zalo,Lost
KH0008485,27/01/2024,27/01/2024,1,1080000,1080000,814,0,1,Nowzone,Lost
KH0008486,02/02/2024,01/03/2024,2,1118000,559000,780,1,1,Website,Lost
KH0008489,29/01/2024,10/05/2024,2,1766000,883000,710,1,1,Nowzone,At Risk
KH000849,13/03/2026,16/03/2026,2,8380000,4190000,35,1,0,Zalo,Loyal
KH0008490,29/01/2024,29/01/2024,1,1000000,1000000,812,0,1,Nowzone,Lost
KH0008493,01/02/2024,01/02/2024,1,1580000,1580000,809,0,1,Facebook,Lost
KH0008495,30/01/2024,30/01/2024,1,2941200,2941200,811,0,1,Nowzone,Lost
KH000850,13/03/2026,13/03/2026,1,1680000,1680000,38,0,0,Takashimaya,Loyal
KH0008500,01/02/2024,01/02/2024,1,3600000,3600000,809,0,1,Nowzone,Lost
KH0008502,05/02/2024,05/02/2024,1,1350000,1350000,805,0,1,Zalo,Lost
KH0008503,04/02/2024,04/02/2024,1,4800000,4800000,806,0,1,Nowzone,Lost
KH0008506,06/02/2024,06/02/2024,1,1600000,1600000,804,0,1,Nowzone,Lost
KH0008509,06/02/2024,06/02/2024,1,650000,650000,804,0,1,Nowzone,Lost
KH000851,30/03/2026,30/03/2026,1,9439200,9439200,21,0,0,Zalo,Loyal
KH0008512,08/02/2024,24/08/2025,3,2610000,870000,239,1,0,Nowzone,Loyal
KH0008514,01/03/2024,01/03/2024,1,1800000,1800000,780,0,1,Lazada,Lost
KH0008515,15/02/2024,15/02/2024,1,6182400,6182400,795,0,1,Nowzone,Lost
KH0008516,01/03/2024,01/03/2024,1,1215000,1215000,780,0,1,Website,Lost
KH0008517,01/03/2024,01/03/2024,1,2430000,2430000,780,0,1,Facebook,Lost
KH0008519,01/03/2024,01/03/2024,1,1580000,1580000,780,0,1,Zalo,Lost
KH000852,14/03/2026,14/03/2026,1,1780000,1780000,37,0,0,Takashimaya,Loyal
KH0008522,17/02/2024,22/10/2024,2,4322000,2161000,545,1,1,Nowzone,At Risk
KH0008523,18/02/2024,20/05/2024,3,11175800,3725266.667,700,1,1,Nowzone,At Risk
KH0008524,18/02/2024,18/02/2024,1,1090000,1090000,792,0,1,Nowzone,Lost
KH0008528,01/03/2024,01/03/2024,1,280000,280000,780,0,1,Website,Lost
KH0008529,20/02/2024,20/02/2024,1,800000,800000,790,0,1,Nowzone,Lost
KH000853,14/03/2026,14/03/2026,1,1386000,1386000,37,0,0,Takashimaya,Loyal
KH0008530,26/02/2024,26/02/2024,1,1350000,1350000,784,0,1,Website,Lost
KH0008531,09/03/2024,20/05/2024,2,13280000,6640000,700,1,1,Nowzone,At Risk
KH0008532,22/02/2024,16/02/2025,2,11590000,5795000,428,1,1,Nowzone,At Risk
KH0008533,24/02/2024,24/02/2024,1,2400000,2400000,786,0,1,Facebook,Lost
KH0008535,01/03/2024,01/03/2024,1,1565000,1565000,780,0,1,TikTok,Lost
KH0008537,24/02/2024,24/02/2024,1,700000,700000,786,0,1,Nowzone,Lost
KH0008539,26/02/2024,26/02/2024,1,800000,800000,784,0,1,Nowzone,Lost
KH000854,16/03/2026,16/03/2026,1,1480000,1480000,35,0,0,Zalo,Loyal
KH0008540,29/02/2024,29/02/2024,1,1962000,1962000,781,0,1,Lazada,Lost
KH0008541,26/02/2024,21/12/2025,6,42900650,7150108.333,120,1,0,Nowzone,Loyal
KH0008542,01/03/2024,01/03/2024,1,1090000,1090000,780,0,1,Zalo,Lost
KH0008543,26/02/2024,26/02/2024,1,800000,800000,784,0,1,Nowzone,Lost
KH0008544,26/02/2024,26/02/2024,1,2800000,2800000,784,0,1,Nowzone,Lost
KH0008545,01/03/2024,01/03/2024,1,360000,360000,780,0,1,Facebook,Lost
KH0008546,28/02/2024,28/02/2024,1,280000,280000,782,0,1,Facebook,Lost
KH0008548,01/03/2024,01/03/2024,1,280000,280000,780,0,1,Zalo,Lost
KH000855,14/03/2026,14/03/2026,1,1880000,1880000,37,0,0,Nowzone,Loyal
KH0008550,01/03/2024,01/03/2024,1,280000,280000,780,0,1,Website,Lost
KH0008551,29/02/2024,29/02/2024,1,360000,360000,781,0,1,Website,Lost
KH0008553,01/03/2024,01/03/2024,1,680000,680000,780,0,1,Zalo,Lost
KH0008554,28/02/2024,17/07/2024,2,4300000,2150000,642,1,1,Nowzone,At Risk
KH0008555,04/03/2024,04/03/2024,1,3218000,3218000,777,0,1,Zalo,Lost
KH0008556,05/03/2024,05/03/2024,1,345000,345000,776,0,1,Lazada,Lost
KH0008557,07/03/2024,21/03/2024,2,3200000,1600000,760,1,1,Facebook,Lost
KH0008558,04/03/2024,04/03/2024,1,280000,280000,777,0,1,Website,Lost
KH000856,14/03/2026,14/03/2026,1,650000,650000,37,0,0,Takashimaya,Loyal
KH0008560,02/03/2024,02/03/2024,1,468000,468000,779,0,1,Nowzone,Lost
KH0008561,05/03/2024,05/03/2024,1,2700000,2700000,776,0,1,Nowzone,Lost
KH0008562,05/03/2024,01/04/2024,3,21538000,7179333.333,749,1,1,Website,Lost
KH0008563,04/03/2024,04/03/2024,1,1980000,1980000,777,0,1,Nowzone,Lost
KH0008564,07/03/2024,07/03/2024,1,450000,450000,774,0,1,Facebook,Lost
KH0008565,06/03/2024,06/03/2024,1,360000,360000,775,0,1,Nowzone,Lost
KH0008566,06/03/2024,06/03/2024,1,468000,468000,775,0,1,Nowzone,Lost
KH0008567,10/03/2024,16/03/2024,2,1678000,839000,765,1,1,Zalo,Lost
KH0008568,08/03/2024,30/03/2026,2,1536000,768000,21,1,0,Nowzone,Loyal
KH0008569,08/03/2024,08/03/2024,1,1298000,1298000,773,0,1,Nowzone,Lost
KH000857,14/03/2026,14/03/2026,1,4347000,4347000,37,0,0,Takashimaya,Loyal
KH0008571,20/03/2024,20/03/2024,1,3600000,3600000,761,0,1,Lazada,Lost
KH0008572,13/03/2024,25/03/2024,2,3200000,1600000,756,1,1,Nowzone,Lost
KH0008573,14/03/2024,14/03/2024,1,800000,800000,767,0,1,Zalo,Lost
KH0008575,02/05/2024,02/05/2024,1,2124000,2124000,718,0,1,Facebook,At Risk
KH0008576,01/04/2024,01/04/2024,1,800000,800000,749,0,1,Zalo,Lost
KH0008578,02/05/2024,05/10/2025,2,2208000,1104000,197,1,0,Zalo,Loyal
KH000858,17/03/2026,17/03/2026,1,880000,880000,34,0,0,Nowzone,Loyal
KH0008580,28/03/2024,28/03/2024,1,3600000,3600000,753,0,1,Website,Lost
KH0008581,02/05/2024,02/05/2024,1,5380000,5380000,718,0,1,Tiki,At Risk
KH0008582,29/03/2024,29/03/2024,1,900000,900000,752,0,1,Lazada,Lost
KH0008583,01/04/2024,01/04/2024,1,1180000,1180000,749,0,1,Zalo,Lost
KH0008585,28/03/2024,28/03/2024,1,4041000,4041000,753,0,1,Nowzone,Lost
KH0008586,28/03/2024,28/03/2024,1,1168200,1168200,753,0,1,Nowzone,Lost
KH0008587,28/03/2024,08/08/2025,2,13983400,6991700,255,1,0,Nowzone,Loyal
KH0008589,28/03/2024,28/03/2024,1,646000,646000,753,0,1,Nowzone,Lost
KH000859,17/03/2026,17/03/2026,1,1880000,1880000,34,0,0,Takashimaya,Loyal
KH0008592,30/03/2024,30/03/2024,1,5040000,5040000,751,0,1,Nowzone,Lost
KH0008594,01/04/2024,07/06/2024,2,4174000,2087000,682,1,1,Zalo,At Risk
KH0008595,31/03/2024,31/03/2024,1,15772800,15772800,750,0,1,Nowzone,Lost
KH0008596,31/03/2024,31/03/2024,1,4350000,4350000,750,0,1,Nowzone,Lost
KH0008597,23/04/2024,23/04/2024,1,450000,450000,727,0,1,Tiki,At Risk
KH0008598,05/04/2024,15/04/2024,2,1630000,815000,735,1,1,Facebook,Lost
KH000860,17/03/2026,17/03/2026,1,1800000,1800000,34,0,0,Takashimaya,Loyal
KH0008600,05/04/2024,05/04/2024,1,3200000,3200000,745,0,1,Internal,Lost
KH0008601,06/04/2024,06/04/2024,1,990000,990000,744,0,1,Nowzone,Lost
KH0008602,07/04/2024,07/04/2024,1,990000,990000,743,0,1,Nowzone,Lost
KH0008603,09/04/2024,09/04/2024,1,2590000,2590000,741,0,1,Lazada,Lost
KH0008604,23/04/2024,23/04/2024,1,468000,468000,727,0,1,Facebook,At Risk
KH0008605,12/04/2024,12/04/2024,1,1548000,1548000,738,0,1,Nowzone,Lost
KH0008607,14/04/2024,14/04/2024,1,2329200,2329200,736,0,1,Nowzone,Lost
KH0008608,14/04/2024,14/04/2024,1,2610000,2610000,736,0,1,Nowzone,Lost
KH0008609,14/04/2024,28/09/2025,3,11956400,3985466.667,204,1,0,Nowzone,Loyal
KH000861,19/03/2026,24/03/2026,2,2160000,1080000,27,1,0,Takashimaya,Loyal
KH0008610,23/04/2024,23/04/2024,1,800000,800000,727,0,1,Facebook,At Risk
KH0008611,23/04/2024,23/04/2024,1,880000,880000,727,0,1,Facebook,At Risk
KH0008612,15/04/2024,15/04/2024,1,1980000,1980000,735,0,1,Zalo,Lost
KH0008613,19/04/2024,23/04/2024,2,2870000,1435000,727,1,1,Zalo,At Risk
KH0008614,16/04/2024,16/04/2024,1,2930000,2930000,734,0,1,Nowzone,Lost
KH0008616,22/04/2024,22/04/2024,1,827157,827157,728,0,1,Lazada,At Risk
KH0008617,18/04/2024,18/04/2024,1,1400000,1400000,732,0,1,Nowzone,Lost
KH0008618,23/04/2024,23/04/2024,1,990000,990000,727,0,1,Website,At Risk
KH0008619,27/04/2024,27/04/2024,1,3600000,3600000,723,0,1,Zalo,At Risk
KH0008620,23/04/2024,23/04/2024,1,938000,938000,727,0,1,Tiki,At Risk
KH0008621,07/05/2024,07/05/2024,1,10800000,10800000,713,0,1,Facebook,At Risk
KH0008622,02/05/2024,02/05/2024,1,1080000,1080000,718,0,1,Tiki,At Risk
KH0008623,07/05/2024,07/05/2024,1,2180000,2180000,713,0,1,Zalo,At Risk
KH0008624,23/04/2024,23/04/2024,1,680000,680000,727,0,1,Nowzone,At Risk
KH0008625,16/01/2021,29/03/2026,263,642308339,2442237.03,22,1,0,Zalo,VIP
KH0008628,27/04/2024,27/04/2024,1,11000000,11000000,723,0,1,Nowzone,At Risk
KH000863,30/03/2026,30/03/2026,1,1980000,1980000,21,0,0,Zalo,Loyal
KH0008630,29/04/2024,29/04/2024,1,5184000,5184000,721,0,1,Nowzone,At Risk
KH0008632,30/04/2024,30/04/2024,1,449280,449280,720,0,1,Nowzone,At Risk
KH0008635,03/05/2024,03/05/2024,1,2500000,2500000,717,0,1,Website,At Risk
KH0008638,05/05/2024,05/05/2024,1,800000,800000,715,0,1,Nowzone,At Risk
KH0008639,08/05/2024,08/05/2024,1,1200000,1200000,712,0,1,Website,At Risk
KH0008640,06/05/2024,06/05/2024,1,2180000,2180000,714,0,1,Nowzone,At Risk
KH0008642,07/05/2024,07/05/2024,1,1406000,1406000,713,0,1,Nowzone,At Risk
KH0008647,11/05/2024,28/06/2025,2,2850000,1425000,296,1,0,Nowzone,Loyal
KH0008648,11/05/2024,11/05/2024,1,468000,468000,709,0,1,Nowzone,At Risk
KH000865,30/03/2026,30/03/2026,1,880000,880000,21,0,0,Event,Loyal
KH000866,30/03/2026,30/03/2026,1,450000,450000,21,0,0,Event,Loyal
KH0008666,30/06/2023,26/04/2025,4,9728000,2432000,359,1,0,Nowzone,Loyal
KH0008668,14/05/2024,14/05/2024,1,2218000,2218000,706,0,1,Facebook,At Risk
KH0008669,22/05/2024,22/05/2024,1,1738000,1738000,698,0,1,TikTok,At Risk
KH000867,30/03/2026,30/03/2026,1,800000,800000,21,0,0,Event,Loyal
KH0008670,14/05/2024,14/05/2024,1,800000,800000,706,0,1,Nowzone,At Risk
KH0008671,01/07/2024,01/07/2024,1,4088000,4088000,658,0,1,Zalo,At Risk
KH0008672,20/05/2024,01/10/2025,3,1515037,505012.3333,201,1,0,Zalo,Loyal
KH0008673,18/05/2024,18/05/2024,1,3600000,3600000,702,0,1,Nowzone,At Risk
KH0008674,18/05/2024,25/05/2024,2,3200000,1600000,695,1,1,Nowzone,At Risk
KH0008675,19/05/2024,28/11/2025,2,1980000,990000,143,1,0,Nowzone,Loyal
KH0008677,22/05/2024,22/05/2024,1,1800000,1800000,698,0,1,Nowzone,At Risk
KH0008678,24/05/2024,24/05/2024,1,3040000,3040000,696,0,1,Nowzone,At Risk
KH0008679,10/09/2024,10/09/2024,1,495000,495000,587,0,1,Shopee,At Risk
KH000868,30/03/2026,30/03/2026,1,798000,798000,21,0,0,Event,Loyal
KH0008680,18/06/2024,18/06/2024,1,0,0,671,0,1,Shopee,At Risk
KH0008681,27/05/2024,24/06/2025,4,6540000,1635000,300,1,0,Internal,Loyal
KH0008682,28/05/2024,20/01/2025,3,14300000,4766666.667,455,1,1,Nowzone,At Risk
KH0008683,28/05/2024,02/11/2024,2,7850000,3925000,534,1,1,Nowzone,At Risk
KH0008684,29/05/2024,29/05/2024,1,13768000,13768000,691,0,1,Zalo,At Risk
KH0008686,18/05/2024,08/06/2024,2,792000,396000,681,1,1,Shopee,At Risk
KH0008687,01/06/2024,01/06/2024,1,7200000,7200000,688,0,1,Nowzone,At Risk
KH0008689,10/06/2024,18/09/2024,2,1557000,778500,579,1,1,Shopee,At Risk
KH000869,30/03/2026,30/03/2026,1,438000,438000,21,0,0,Event,Loyal
KH0008690,07/06/2024,07/06/2024,1,3600000,3600000,682,0,1,Website,At Risk
KH0008691,04/06/2024,23/07/2024,2,3344000,1672000,636,1,1,Nowzone,At Risk
KH0008692,05/07/2024,04/10/2024,2,3200000,1600000,563,1,1,Outright,At Risk
KH0008693,10/06/2024,10/06/2024,1,700000,700000,679,0,1,Zalo,At Risk
KH0008695,27/08/2024,23/09/2024,2,3784800,1892400,574,1,1,Shopee,At Risk
KH0008696,26/07/2024,26/07/2024,1,3960000,3960000,633,0,1,Shopee,At Risk
KH0008697,05/07/2024,05/07/2024,1,918000,918000,654,0,1,Zalo,At Risk
KH0008699,06/06/2024,06/06/2024,1,800000,800000,683,0,1,Nowzone,At Risk
KH00087,30/03/2026,30/03/2026,1,880000,880000,21,0,0,Event,Loyal
KH000870,30/03/2026,30/03/2026,1,2288000,2288000,21,0,0,Event,Loyal
KH0008701,10/06/2024,10/06/2024,1,285912,285912,679,0,1,Lazada,At Risk
KH0008702,08/06/2024,08/06/2024,1,1076000,1076000,681,0,1,Collaborator,At Risk
KH0008703,08/06/2024,08/06/2024,1,388000,388000,681,0,1,Collaborator,At Risk
KH0008704,09/06/2024,09/06/2024,1,1100000,1100000,680,0,1,Nowzone,At Risk
KH0008705,31/08/2024,31/08/2024,1,396000,396000,597,0,1,Shopee,At Risk
KH0008706,03/06/2024,03/06/2024,1,1076000,1076000,686,0,1,Collaborator,At Risk
KH0008707,03/06/2024,03/06/2024,1,830000,830000,686,0,1,Collaborator,At Risk
KH0008708,04/06/2024,04/06/2024,1,468000,468000,685,0,1,Collaborator,At Risk
KH0008709,04/06/2024,04/06/2024,1,1076000,1076000,685,0,1,Collaborator,At Risk
KH000871,30/03/2026,30/03/2026,1,980000,980000,21,0,0,Event,Loyal
KH0008710,04/06/2024,04/06/2024,1,1800000,1800000,685,0,1,Collaborator,At Risk
KH0008711,05/06/2024,05/06/2024,1,468000,468000,684,0,1,Collaborator,At Risk
KH0008712,07/06/2024,07/06/2024,1,1600000,1600000,682,0,1,Outright,At Risk
KH0008713,16/08/2024,16/08/2024,1,1188000,1188000,612,0,1,Shopee,At Risk
KH0008714,10/06/2024,10/06/2024,1,280000,280000,679,0,1,Nowzone,At Risk
KH0008715,05/07/2024,05/07/2024,1,3216000,3216000,654,0,1,Zalo,At Risk
KH0008716,16/06/2024,05/10/2024,4,12886000,3221500,562,1,1,Shopee,At Risk
KH0008717,24/06/2024,07/10/2024,2,5940000,2970000,560,1,1,Shopee,At Risk
KH0008718,28/06/2024,15/11/2024,2,1280000,640000,521,1,1,Zalo,At Risk
KH0008719,13/06/2024,13/06/2024,1,1600000,1600000,676,0,1,Nowzone,At Risk
KH000872,30/03/2026,30/03/2026,1,650000,650000,21,0,0,Event,Loyal
KH0008720,28/09/2024,28/11/2024,3,1180000,393333.3333,508,1,1,Website,At Risk
KH0008722,19/06/2024,19/06/2024,1,1080000,1080000,670,0,1,Zalo,At Risk
KH0008723,15/06/2024,15/06/2024,1,2088000,2088000,674,0,1,Nowzone,At Risk
KH0008724,15/06/2024,15/06/2024,1,1080000,1080000,674,0,1,Nowzone,At Risk
KH0008725,16/06/2024,20/03/2025,6,20266600,3377766.667,396,1,1,Nowzone,At Risk
KH0008726,20/06/2024,20/06/2024,1,1980000,1980000,669,0,1,Zalo,At Risk
KH0008727,18/06/2024,18/06/2024,1,1080000,1080000,671,0,1,Nowzone,At Risk
KH0008728,18/06/2024,18/06/2024,1,1090000,1090000,671,0,1,Website,At Risk
KH0008729,22/06/2024,22/06/2024,1,1090000,1090000,667,0,1,Website,At Risk
KH000873,30/03/2026,30/03/2026,1,1980000,1980000,21,0,0,Event,Loyal
KH0008730,25/06/2024,25/06/2024,1,360000,360000,664,0,1,Website,At Risk
KH0008731,03/07/2024,03/07/2024,2,936000,468000,656,1,1,Internal,At Risk
KH0008737,21/06/2024,21/06/2024,1,1548000,1548000,668,0,1,Nowzone,At Risk
KH0008738,22/06/2024,22/06/2024,1,360000,360000,667,0,1,Nowzone,At Risk
KH0008739,22/06/2024,22/06/2024,1,1318000,1318000,667,0,1,Nowzone,At Risk
KH000874,30/03/2026,30/03/2026,1,450000,450000,21,0,0,Event,Loyal
KH0008740,22/06/2024,22/06/2024,1,830000,830000,667,0,1,Nowzone,At Risk
KH0008741,22/06/2024,22/06/2024,1,880000,880000,667,0,1,Nowzone,At Risk
KH0008742,23/06/2024,24/03/2025,2,12300000,6150000,392,1,1,Nowzone,At Risk
KH0008744,25/06/2024,25/06/2024,1,2180000,2180000,664,0,1,Nowzone,At Risk
KH0008746,28/06/2024,28/06/2024,1,620000,620000,661,0,1,Zalo,At Risk
KH0008747,30/06/2024,30/06/2024,1,1318000,1318000,659,0,1,Zalo,At Risk
KH0008748,28/06/2024,28/06/2024,1,450000,450000,661,0,1,Nowzone,At Risk
KH0008749,04/10/2024,04/10/2024,1,1600000,1600000,563,0,1,Facebook,At Risk
KH000875,30/03/2026,30/03/2026,1,688000,688000,21,0,0,Event,Loyal
KH0008750,03/07/2024,03/07/2024,1,3678000,3678000,656,0,1,Nowzone,At Risk
KH0008751,05/07/2024,05/07/2024,1,1600000,1600000,654,0,1,Nowzone,At Risk
KH0008752,09/06/2024,12/07/2024,2,5322000,2661000,647,1,1,Shopee,At Risk
KH0008753,10/07/2024,05/10/2024,2,1595000,797500,562,1,1,Shopee,At Risk
KH0008754,04/10/2024,15/11/2024,2,4564000,2282000,521,1,1,Facebook,At Risk
KH0008757,13/07/2024,13/07/2024,1,2398000,2398000,646,0,1,Internal,At Risk
KH000876,30/03/2026,30/03/2026,1,650000,650000,21,0,0,Event,Loyal
KH0008760,11/07/2024,15/11/2024,4,6220800,1555200,521,1,1,Zalo,At Risk
KH0008761,10/07/2024,10/07/2024,1,2238000,2238000,649,0,1,Nowzone,At Risk
KH0008762,16/07/2024,16/07/2024,1,509205,509205,643,0,1,Lazada,At Risk
KH0008763,18/07/2024,02/10/2024,2,2630000,1315000,565,1,1,Website,At Risk
KH0008765,20/07/2024,20/07/2024,1,5918000,5918000,639,0,1,Lazada,At Risk
KH0008766,20/07/2024,11/09/2024,2,2760000,1380000,586,1,1,Zalo,At Risk
KH0008767,20/07/2024,20/07/2024,1,1580000,1580000,639,0,1,Nowzone,At Risk
KH0008768,13/08/2024,12/10/2024,4,8935200,2233800,555,1,1,Shopee,At Risk
KH0008769,23/07/2024,23/07/2024,1,488000,488000,636,0,1,Nowzone,At Risk
KH000877,30/03/2026,30/03/2026,1,880000,880000,21,0,0,Event,Loyal
KH0008770,04/10/2024,04/10/2024,1,488000,488000,563,0,1,Website,At Risk
KH0008771,23/07/2024,04/08/2024,2,3060000,1530000,624,1,1,Nowzone,At Risk
KH0008772,25/07/2024,25/07/2024,1,7680000,7680000,634,0,1,Website,At Risk
KH0008773,23/08/2024,26/08/2024,2,5660000,2830000,602,1,1,Zalo,At Risk
KH0008774,31/08/2024,31/08/2024,1,537000,537000,597,0,1,Lazada,At Risk
KH0008775,27/07/2024,14/03/2026,6,13069600,2178266.667,37,1,0,Nowzone,VIP
KH0008777,30/07/2024,30/07/2024,1,3200000,3200000,629,0,1,Website,At Risk
KH0008778,02/08/2024,02/08/2024,1,650000,650000,626,0,1,Website,At Risk
KH0008779,30/07/2024,30/07/2024,1,2470000,2470000,629,0,1,Website,At Risk
KH000878,30/03/2026,30/03/2026,1,280000,280000,21,0,0,Event,Loyal
KH0008780,01/08/2024,01/08/2024,1,1600000,1600000,627,0,1,Facebook,At Risk
KH0008781,01/08/2024,01/08/2024,1,5800000,5800000,627,0,1,Nowzone,At Risk
KH0008782,05/08/2024,05/08/2024,1,1630000,1630000,623,0,1,Website,At Risk
KH0008783,06/08/2024,06/08/2024,1,1826000,1826000,622,0,1,Internal,At Risk
KH0008784,05/08/2024,15/11/2024,2,2080000,1040000,521,1,1,Nowzone,At Risk
KH0008785,07/08/2024,07/08/2024,1,1280000,1280000,621,0,1,Facebook,At Risk
KH0008786,08/08/2024,19/08/2024,2,3960000,1980000,609,1,1,Zalo,At Risk
KH0008787,07/08/2024,07/08/2024,1,3150000,3150000,621,0,1,Shopee,At Risk
KH0008788,04/10/2024,04/10/2024,1,3410000,3410000,563,0,1,Tiki,At Risk
KH0008789,04/10/2024,04/10/2024,1,4800000,4800000,563,0,1,Website,At Risk
KH000879,21/03/2026,21/03/2026,1,1300000,1300000,30,0,0,Takashimaya,Loyal
KH0008790,06/08/2024,15/11/2024,2,1288000,644000,521,1,1,Nowzone,At Risk
KH0008791,17/08/2024,21/08/2024,2,2297000,1148500,607,1,1,Shopee,At Risk
KH0008792,08/08/2024,08/08/2024,1,1696000,1696000,620,0,1,Nowzone,At Risk
KH0008793,21/08/2024,14/07/2025,2,4808000,2404000,280,1,0,Website,Loyal
KH0008794,09/08/2024,09/08/2024,1,8050000,8050000,619,0,1,Nowzone,At Risk
KH0008795,09/08/2024,09/08/2024,1,1318000,1318000,619,0,1,Nowzone,At Risk
KH0008796,15/08/2024,15/08/2024,1,2760852,2760852,613,0,1,Lazada,At Risk
KH0008797,15/11/2024,15/11/2024,1,800000,800000,521,0,1,Website,At Risk
KH0008798,12/08/2024,12/08/2024,1,33645000,33645000,616,0,1,Nowzone,At Risk
KH0008799,13/08/2024,13/08/2024,1,450000,450000,615,0,1,Nowzone,At Risk
KH000880,21/03/2026,21/03/2026,1,1580000,1580000,30,0,0,Takashimaya,Loyal
KH0008800,04/10/2024,04/10/2024,1,830000,830000,563,0,1,Zalo,At Risk
KH0008802,12/09/2024,12/09/2024,1,1180000,1180000,585,0,1,Zalo,At Risk
KH0008803,19/08/2024,19/08/2024,1,1078000,1078000,609,0,1,Shopee,At Risk
KH0008805,22/08/2024,22/08/2024,1,1100000,1100000,606,0,1,Shopee,At Risk
KH0008806,17/08/2024,27/08/2024,2,5480000,2740000,601,1,1,Nowzone,At Risk
KH0008807,17/08/2024,17/08/2024,1,2862000,2862000,611,0,1,Nowzone,At Risk
KH0008808,17/08/2024,06/05/2025,3,9764000,3254666.667,349,1,0,Nowzone,Loyal
KH0008809,18/08/2024,18/08/2024,1,3960000,3960000,610,0,1,Nowzone,At Risk
KH000881,21/03/2026,21/03/2026,1,5049000,5049000,30,0,0,Takashimaya,Loyal
KH0008811,19/08/2024,07/02/2026,9,14649000,1627666.667,72,1,0,Nowzone,VIP
KH0008812,29/08/2024,29/08/2024,1,11188000,11188000,599,0,1,Website,At Risk
KH0008813,20/08/2024,20/08/2024,1,938000,938000,608,0,1,Nowzone,At Risk
KH0008814,26/08/2024,26/08/2024,1,1380000,1380000,602,0,1,Website,At Risk
KH0008815,23/08/2024,23/08/2024,1,830000,830000,605,0,1,Zalo,At Risk
KH0008816,23/08/2024,23/08/2024,1,1080000,1080000,605,0,1,Nowzone,At Risk
KH0008817,25/08/2024,25/08/2024,1,2980000,2980000,603,0,1,Nowzone,At Risk
KH0008819,26/08/2024,26/08/2024,1,4390000,4390000,602,0,1,Nowzone,At Risk
KH000882,22/03/2026,22/03/2026,1,3339000,3339000,29,0,0,Takashimaya,Loyal
KH0008820,27/08/2024,27/08/2024,1,488000,488000,601,0,1,Nowzone,At Risk
KH0008821,30/08/2024,30/08/2024,1,800000,800000,598,0,1,Website,At Risk
KH0008822,29/08/2024,29/08/2024,1,880000,880000,599,0,1,Nowzone,At Risk
KH0008823,24/05/2024,04/09/2024,3,2642334,880778,593,1,1,Shopee,At Risk
KH0008824,27/09/2024,27/09/2024,1,1362000,1362000,570,0,1,Shopee,At Risk
KH0008825,22/11/2024,26/09/2025,2,1694815,847407.5,206,1,0,Facebook,Loyal
KH0008826,06/09/2024,06/09/2024,1,1478000,1478000,591,0,1,Zalo,At Risk
KH0008827,04/09/2024,04/09/2024,1,488000,488000,593,0,1,Nowzone,At Risk
KH0008828,04/09/2024,04/09/2024,1,7414000,7414000,593,0,1,Nowzone,At Risk
KH0008829,27/09/2024,27/09/2024,1,1760000,1760000,570,0,1,Facebook,At Risk
KH000883,30/03/2026,30/03/2026,1,980000,980000,21,0,0,Zalo,Loyal
KH0008830,06/09/2024,14/09/2024,2,2340000,1170000,583,1,1,Facebook,At Risk
KH0008831,05/09/2024,18/03/2025,4,6968000,1742000,398,1,1,Nowzone,At Risk
KH0008832,09/09/2024,09/09/2024,1,1600000,1600000,588,0,1,Website,At Risk
KH0008833,13/08/2024,13/08/2024,1,396000,396000,615,0,1,Shopee,At Risk
KH0008835,07/09/2024,07/09/2024,1,7450000,7450000,590,0,1,Nowzone,At Risk
KH0008836,12/09/2024,12/09/2024,1,3300000,3300000,585,0,1,Shopee,At Risk
KH0008838,12/09/2024,08/08/2025,4,7655920,1913980,255,1,0,Zalo,Loyal
KH0008839,13/09/2024,13/09/2024,1,880000,880000,584,0,1,Zalo,At Risk
KH000884,30/03/2026,03/04/2026,3,12380000,4126666.667,17,1,0,Zalo,VIP
KH0008840,13/09/2024,13/09/2024,1,880000,880000,584,0,1,Facebook,At Risk
KH0008841,11/09/2024,12/09/2024,2,3458000,1729000,585,1,1,Nowzone,At Risk
KH0008842,12/09/2024,12/08/2025,5,7718000,1543600,251,1,0,Nowzone,Loyal
KH0008843,29/05/2024,06/10/2024,3,6823000,2274333.333,561,1,1,Shopee,At Risk
KH0008844,27/09/2024,27/09/2024,1,1485000,1485000,570,0,1,Shopee,At Risk
KH0008845,27/09/2024,02/10/2025,4,3100000,775000,200,1,0,Facebook,Loyal
KH0008847,04/12/2025,04/12/2025,1,1000000,1000000,137,0,0,Zalo,Loyal
KH0008848,13/09/2024,13/09/2024,1,450000,450000,584,0,1,Nowzone,At Risk
KH0008849,19/09/2024,27/09/2024,2,1760000,880000,570,1,1,Facebook,At Risk
KH000885,30/03/2026,30/03/2026,1,5160000,5160000,21,0,0,Website,Loyal
KH0008850,15/09/2024,15/09/2024,1,880000,880000,582,0,1,Nowzone,At Risk
KH0008852,17/09/2024,17/09/2024,1,1660000,1660000,580,0,1,Nowzone,At Risk
KH0008853,22/09/2024,22/09/2024,1,1600000,1600000,575,0,1,Collaborator,At Risk
KH0008855,15/11/2024,15/11/2024,1,800000,800000,521,0,1,Website,At Risk
KH0008856,30/09/2024,15/11/2024,3,4430000,1476666.667,521,1,1,Zalo,At Risk
KH0008858,19/09/2024,24/12/2024,3,9038000,3012666.667,482,1,1,Zalo,At Risk
KH0008859,27/09/2024,27/09/2024,1,1090000,1090000,570,0,1,Zalo,At Risk
KH000886,05/04/2026,05/04/2026,1,2580000,2580000,15,0,0,Takashimaya,Loyal
KH0008860,20/09/2024,20/09/2024,1,880000,880000,577,0,1,Nowzone,At Risk
KH0008861,27/09/2024,04/10/2024,2,1860000,930000,563,1,1,Zalo,At Risk
KH0008862,20/09/2024,20/09/2024,1,488000,488000,577,0,1,Nowzone,At Risk
KH0008863,23/09/2024,03/10/2025,8,18933800,2366725,199,1,0,Nowzone,Loyal
KH0008864,15/11/2024,22/11/2024,2,5056000,2528000,514,1,1,Facebook,At Risk
KH0008865,24/09/2024,01/10/2024,2,4784000,2392000,566,1,1,Internal,At Risk
KH0008866,29/09/2024,29/09/2024,1,6900000,6900000,568,0,1,Nowzone,At Risk
KH0008867,29/09/2024,29/09/2024,1,3600000,3600000,568,0,1,Nowzone,At Risk
KH0008868,29/09/2024,29/09/2024,1,900000,900000,568,0,1,Nowzone,At Risk
KH0008869,29/09/2024,29/09/2024,1,1960000,1960000,568,0,1,Nowzone,At Risk
KH0008870,29/09/2024,29/09/2024,1,1800000,1800000,568,0,1,Nowzone,At Risk
KH0008871,08/10/2024,08/10/2024,1,3200000,3200000,559,0,1,Zalo,At Risk
KH0008872,15/11/2024,04/02/2025,3,5678000,1892666.667,440,1,1,Website,At Risk
KH0008873,01/10/2024,01/10/2024,1,800000,800000,566,0,1,Nowzone,At Risk
KH0008874,03/10/2024,03/10/2024,1,488000,488000,564,0,1,Nowzone,At Risk
KH0008875,08/10/2024,09/10/2024,2,8842000,4421000,558,1,1,Facebook,At Risk
KH0008876,05/10/2024,05/10/2024,1,972000,972000,562,0,1,Facebook,At Risk
KH0008877,04/10/2024,04/08/2025,3,3974400,1324800,259,1,0,Internal,Loyal
KH0008878,04/10/2024,12/12/2025,2,3820400,1910200,129,1,0,Nowzone,Loyal
KH0008879,15/11/2024,15/11/2024,1,488000,488000,521,0,1,Facebook,At Risk
KH0008880,08/10/2024,08/10/2024,1,446190,446190,559,0,1,Lazada,At Risk
KH0008881,07/10/2024,22/10/2024,2,9640000,4820000,545,1,1,Internal,At Risk
KH0008882,14/10/2024,04/12/2024,2,844320,422160,502,1,1,Internal,At Risk
KH0008883,11/10/2024,11/10/2024,1,1600000,1600000,556,0,1,Website,At Risk
KH0008884,10/10/2024,03/04/2026,8,11086000,1385750,17,1,0,Website,VIP
KH0008885,11/10/2024,28/11/2024,31,54217600,1748954.839,508,1,1,Shopee,At Risk
KH0008886,11/10/2024,11/10/2024,1,1180000,1180000,556,0,1,Nowzone,At Risk
KH0008887,13/10/2024,13/10/2024,1,3600000,3600000,554,0,1,Nowzone,At Risk
KH0008888,13/10/2024,20/01/2025,2,3115000,1557500,455,1,1,Nowzone,At Risk
KH000889,25/03/2026,25/03/2026,1,1500000,1500000,26,0,0,Nowzone,Loyal
KH0008891,18/10/2024,18/10/2024,1,585000,585000,549,0,1,Zalo,At Risk
KH0008893,14/10/2024,15/10/2024,2,2240000,1120000,552,1,1,Nowzone,At Risk
KH0008894,16/10/2024,28/08/2025,3,1924815,641605,235,1,0,Website,Loyal
KH0008895,18/10/2024,18/10/2024,1,380000,380000,549,0,1,Zalo,At Risk
KH0008896,22/10/2024,22/10/2024,1,4088000,4088000,545,0,1,Zalo,At Risk
KH0008897,18/10/2024,09/02/2026,3,7030000,2343333.333,70,1,0,Nowzone,Loyal
KH0008898,18/10/2024,18/10/2024,1,838000,838000,549,0,1,Nowzone,At Risk
KH0008899,19/10/2024,19/10/2024,1,3600000,3600000,548,0,1,Nowzone,At Risk
KH000890,30/03/2026,30/03/2026,1,1238400,1238400,21,0,0,Zalo,Loyal
KH0008900,20/10/2024,20/10/2024,1,4390000,4390000,547,0,1,Nowzone,At Risk
KH0008901,21/10/2024,21/10/2024,1,7200000,7200000,546,0,1,Nowzone,At Risk
KH0008902,25/10/2024,25/10/2024,1,630000,630000,542,0,1,Website,At Risk
KH0008903,25/10/2024,25/10/2024,1,1800000,1800000,542,0,1,Website,At Risk
KH0008905,25/10/2024,25/10/2024,1,1180000,1180000,542,0,1,Nowzone,At Risk
KH0008906,26/10/2024,26/10/2024,1,900000,900000,541,0,1,Nowzone,At Risk
KH0008907,26/10/2024,26/10/2024,1,1980000,1980000,541,0,1,Nowzone,At Risk
KH0008908,27/10/2024,02/11/2025,3,5852000,1950666.667,169,1,0,Nowzone,Loyal
KH0008909,27/10/2024,27/10/2024,1,488000,488000,540,0,1,Event,At Risk
KH000891,26/03/2026,26/03/2026,1,990000,990000,25,0,0,Takashimaya,Loyal
KH0008910,27/10/2024,27/10/2024,1,488000,488000,540,0,1,Event,At Risk
KH0008911,28/10/2024,28/10/2024,1,450000,450000,539,0,1,Event,At Risk
KH0008912,27/10/2024,27/10/2024,1,1478000,1478000,540,0,1,Event,At Risk
KH0008913,27/10/2024,27/10/2024,1,488000,488000,540,0,1,Event,At Risk
KH0008914,27/10/2024,27/10/2024,1,938000,938000,540,0,1,Event,At Risk
KH0008915,28/10/2024,28/10/2024,1,980000,980000,539,0,1,Nowzone,At Risk
KH0008917,04/11/2024,18/11/2024,2,2398000,1199000,518,1,1,Tiki,At Risk
KH000892,30/03/2026,30/03/2026,2,3960000,1980000,21,1,0,Zalo,Loyal
KH0008921,28/11/2025,28/11/2025,1,4806000,4806000,143,0,0,Takashimaya,Loyal
KH0008923,04/11/2024,04/11/2024,1,1800000,1800000,532,0,1,Zalo,At Risk
KH000893,27/03/2026,30/03/2026,2,6880000,3440000,21,1,0,Zalo,Loyal
KH000894,30/03/2026,30/03/2026,1,1080000,1080000,21,0,0,Tiki,Loyal
KH000895,28/03/2026,28/03/2026,1,990000,990000,23,0,0,Takashimaya,Loyal
KH0008951,01/11/2024,01/11/2024,1,2376000,2376000,535,0,1,Nowzone,At Risk
KH0008952,02/11/2024,08/04/2025,5,12413200,2482640,377,1,1,Nowzone,At Risk
KH0008954,03/11/2024,03/11/2024,1,938000,938000,533,0,1,Facebook,At Risk
KH0008955,03/11/2024,03/11/2024,1,488000,488000,533,0,1,Internal,At Risk
KH0008956,03/11/2024,03/11/2024,1,830000,830000,533,0,1,Internal,At Risk
KH0008957,03/11/2024,03/11/2024,1,488000,488000,533,0,1,Internal,At Risk
KH0008958,03/11/2024,03/11/2024,1,488000,488000,533,0,1,Internal,At Risk
KH0008959,04/11/2024,04/11/2024,1,1350000,1350000,532,0,1,Facebook,At Risk
KH000896,29/03/2026,29/03/2026,2,1890000,945000,22,1,0,Takashimaya,Loyal
KH0008960,05/11/2024,05/11/2024,1,488000,488000,531,0,1,Internal,At Risk
KH0008961,03/11/2024,03/11/2024,1,488000,488000,533,0,1,Internal,At Risk
KH0008962,03/11/2024,01/12/2024,2,4768000,2384000,505,1,1,Internal,At Risk
KH0008963,03/11/2024,03/11/2024,1,688000,688000,533,0,1,Internal,At Risk
KH0008964,05/11/2024,05/11/2024,1,3360000,3360000,531,0,1,Zalo,At Risk
KH0008965,08/11/2024,22/11/2024,2,2560000,1280000,514,1,1,Zalo,At Risk
KH0008966,09/11/2024,23/11/2024,2,3380000,1690000,513,1,1,Internal,At Risk
KH0008969,18/11/2024,18/11/2024,1,800000,800000,518,0,1,Facebook,At Risk
KH0008970,11/11/2024,11/11/2024,1,880000,880000,525,0,1,Zalo,At Risk
KH0008971,11/11/2024,11/11/2024,1,679250,679250,525,0,1,Lazada,At Risk
KH0008972,09/11/2024,09/11/2024,1,2387000,2387000,527,0,1,Tiki,At Risk
KH0008973,09/11/2024,09/11/2024,1,800000,800000,527,0,1,Nowzone,At Risk
KH0008974,12/11/2024,12/11/2024,1,473300,473300,524,0,1,Lazada,At Risk
KH000898,30/03/2026,16/04/2026,2,3360000,1680000,4,1,0,Zalo,Loyal
KH000899,30/03/2026,30/03/2026,1,1080000,1080000,21,0,0,Tiki,Loyal
KH000900,30/03/2026,30/03/2026,1,990000,990000,21,0,0,Zalo,Loyal
KH000901,31/03/2026,31/03/2026,1,990000,990000,20,0,0,Nowzone,Loyal
KH0009022,11/11/2024,11/11/2024,1,3204000,3204000,525,0,1,Shopee,At Risk
KH0009024,11/11/2024,11/11/2024,1,2180000,2180000,525,0,1,Zalo,At Risk
KH0009037,18/11/2024,18/11/2024,1,913000,913000,518,0,1,Zalo,At Risk
KH0009038,18/11/2024,18/11/2024,1,360000,360000,518,0,1,Facebook,At Risk
KH000904,01/04/2026,01/04/2026,1,5160000,5160000,19,0,0,Takashimaya,Loyal
KH0009040,14/11/2024,14/11/2024,1,762000,762000,522,0,1,Lazada,At Risk
KH0009041,18/11/2024,07/10/2025,2,4993333,2496666.5,195,1,0,Zalo,Loyal
KH0009044,02/12/2024,02/12/2024,1,800000,800000,504,0,1,Facebook,At Risk
KH0009045,18/11/2024,18/11/2024,1,1188000,1188000,518,0,1,Lazada,At Risk
KH0009046,16/11/2024,16/11/2024,1,2500000,2500000,520,0,1,Nowzone,At Risk
KH0009047,16/11/2024,16/11/2024,1,450000,450000,520,0,1,Nowzone,At Risk
KH0009048,17/11/2024,17/11/2024,1,6326000,6326000,519,0,1,Nowzone,At Risk
KH0009049,18/11/2024,18/11/2024,1,4800000,4800000,518,0,1,Nowzone,At Risk
KH000905,01/04/2026,01/04/2026,1,7040000,7040000,19,0,0,Takashimaya,Loyal
KH0009050,18/11/2024,06/03/2025,3,5072000,1690666.667,410,1,1,Nowzone,At Risk
KH0009051,18/11/2024,18/11/2024,1,938000,938000,518,0,1,Internal,At Risk
KH0009052,21/11/2024,02/07/2025,8,38308000,4788500,292,1,0,Facebook,Loyal
KH0009053,22/11/2024,22/11/2024,1,1580000,1580000,514,0,1,Facebook,At Risk
KH0009055,21/11/2024,09/12/2024,2,1456000,728000,497,1,1,Internal,At Risk
KH0009058,20/11/2024,20/11/2024,1,1760000,1760000,516,0,1,Nowzone,At Risk
KH0009059,21/11/2024,16/07/2025,4,3876000,969000,278,1,0,Zalo,Loyal
KH000906,01/04/2026,01/04/2026,1,7616000,7616000,19,0,0,Nowzone,Loyal
KH0009060,22/11/2024,22/11/2024,1,4480000,4480000,514,0,1,Zalo,At Risk
KH0009061,22/11/2024,22/11/2024,1,3398000,3398000,514,0,1,Internal,At Risk
KH0009062,23/11/2024,23/11/2024,1,1080000,1080000,513,0,1,Website,At Risk
KH0009063,26/11/2024,26/11/2024,1,1800000,1800000,510,0,1,Internal,At Risk
KH0009065,26/11/2024,18/12/2024,2,2978000,1489000,488,1,1,Facebook,At Risk
KH0009068,24/11/2024,24/11/2024,1,280000,280000,512,0,1,Nowzone,At Risk
KH0009069,24/11/2024,24/11/2024,1,6800000,6800000,512,0,1,Nowzone,At Risk
KH000907,01/04/2026,01/04/2026,1,1280000,1280000,19,0,0,Takashimaya,Loyal
KH0009074,28/11/2024,28/11/2024,1,3520000,3520000,508,0,1,Tiki,At Risk
KH0009075,25/11/2024,25/11/2024,1,980000,980000,511,0,1,Zalo,At Risk
KH0009076,25/11/2024,25/11/2024,1,688000,688000,511,0,1,Internal,At Risk
KH0009077,25/11/2024,25/11/2024,1,938000,938000,511,0,1,Internal,At Risk
KH0009078,25/11/2024,25/11/2024,1,688000,688000,511,0,1,Internal,At Risk
KH0009079,25/11/2024,25/11/2024,1,488000,488000,511,0,1,Internal,At Risk
KH000908,03/04/2026,03/04/2026,1,800000,800000,17,0,0,Zalo,Loyal
KH0009080,25/11/2024,25/11/2024,1,488000,488000,511,0,1,Internal,At Risk
KH0009081,25/11/2024,25/11/2024,1,876000,876000,511,0,1,Internal,At Risk
KH0009082,25/11/2024,25/11/2024,1,488000,488000,511,0,1,Internal,At Risk
KH0009083,25/11/2024,25/11/2024,1,488000,488000,511,0,1,Internal,At Risk
KH0009084,25/11/2024,25/11/2024,1,876000,876000,511,0,1,Internal,At Risk
KH0009085,29/11/2024,27/02/2026,2,2276000,1138000,52,1,0,Website,Loyal
KH0009086,26/11/2024,26/11/2024,1,980000,980000,510,0,1,Zalo,At Risk
KH0009087,30/11/2024,30/11/2024,1,1335000,1335000,506,0,1,Website,At Risk
KH0009089,30/11/2024,30/11/2024,1,1600000,1600000,506,0,1,Zalo,At Risk
KH0009091,27/11/2024,09/03/2026,3,3091200,1030400,42,1,0,Website,Loyal
KH0009092,27/11/2024,27/11/2024,1,2492000,2492000,509,0,1,Nowzone,At Risk
KH0009093,27/11/2024,27/11/2024,1,3580000,3580000,509,0,1,Nowzone,At Risk
KH0009094,01/12/2024,01/12/2024,1,1100000,1100000,505,0,1,Facebook,At Risk
KH000910,04/04/2026,04/04/2026,1,3600000,3600000,16,0,0,Takashimaya,Loyal
KH000911,04/04/2026,19/04/2026,2,1930500,965250,1,1,0,Takashimaya,Loyal
KH000912,04/04/2026,04/04/2026,1,5460000,5460000,16,0,0,Takashimaya,Loyal
KH000913,05/04/2026,08/04/2026,2,2580000,1290000,12,1,0,Nowzone,Loyal
KH0009135,30/11/2024,19/03/2026,7,12082400,1726057.143,32,1,0,Zalo,VIP
KH0009136,30/11/2024,30/11/2024,1,2500000,2500000,506,0,1,Nowzone,At Risk
KH0009137,29/11/2024,28/11/2025,2,2934000,1467000,143,1,0,Nowzone,Loyal
KH0009138,01/12/2024,01/12/2024,1,6680000,6680000,505,0,1,Nowzone,At Risk
KH0009139,01/12/2024,01/12/2024,1,488000,488000,505,0,1,Event,At Risk
KH000914,05/04/2026,05/04/2026,1,1980000,1980000,15,0,0,Takashimaya,Loyal
KH0009140,01/12/2024,30/03/2026,2,9330000,4665000,21,1,0,Event,Loyal
KH0009141,01/12/2024,01/12/2024,1,838000,838000,505,0,1,Event,At Risk
KH0009142,01/12/2024,01/12/2024,1,830000,830000,505,0,1,Event,At Risk
KH0009143,01/12/2024,01/12/2024,1,488000,488000,505,0,1,Event,At Risk
KH0009144,01/12/2024,01/12/2024,1,488000,488000,505,0,1,Event,At Risk
KH0009145,01/12/2024,01/12/2024,1,280000,280000,505,0,1,Event,At Risk
KH0009148,03/12/2024,03/12/2024,1,830000,830000,503,0,1,Website,At Risk
KH0009149,04/12/2024,04/12/2024,1,2750000,2750000,502,0,1,Tiki,At Risk
KH0009150,04/12/2024,04/12/2024,1,1980000,1980000,502,0,1,Website,At Risk
KH0009151,05/12/2024,05/12/2024,1,1944000,1944000,501,0,1,Internal,At Risk
KH0009152,05/12/2024,05/12/2024,1,3200000,3200000,501,0,1,Nowzone,At Risk
KH0009153,05/12/2024,05/12/2024,1,2336000,2336000,501,0,1,Nowzone,At Risk
KH0009155,05/12/2024,05/12/2024,1,2534400,2534400,501,0,1,Nowzone,At Risk
KH0009157,08/12/2024,08/12/2024,1,1800000,1800000,498,0,1,Nowzone,At Risk
KH0009158,08/12/2024,08/12/2024,1,948000,948000,498,0,1,Internal,At Risk
KH0009159,08/12/2024,08/12/2024,1,488000,488000,498,0,1,Internal,At Risk
KH000916,06/04/2026,06/04/2026,1,880000,880000,14,0,0,Takashimaya,Loyal
KH0009160,08/12/2024,08/12/2024,1,838000,838000,498,0,1,Internal,At Risk
KH0009161,08/12/2024,08/12/2024,1,280000,280000,498,0,1,Internal,At Risk
KH0009162,08/12/2024,08/12/2024,1,488000,488000,498,0,1,Internal,At Risk
KH0009163,09/12/2024,09/12/2024,1,1298000,1298000,497,0,1,Tiki,At Risk
KH0009164,08/12/2024,08/12/2024,1,488000,488000,498,0,1,Internal,At Risk
KH0009165,08/12/2024,08/12/2024,1,450000,450000,498,0,1,Internal,At Risk
KH0009166,08/12/2024,08/12/2024,1,838000,838000,498,0,1,Internal,At Risk
KH0009167,08/12/2024,08/12/2024,1,838000,838000,498,0,1,Internal,At Risk
KH0009168,09/12/2024,09/12/2024,1,913000,913000,497,0,1,Shopee,At Risk
KH0009169,09/12/2024,09/12/2024,1,880000,880000,497,0,1,Nowzone,At Risk
KH000917,06/04/2026,06/04/2026,1,5680000,5680000,14,0,0,Takashimaya,Loyal
KH0009170,09/12/2024,09/12/2024,1,880000,880000,497,0,1,Nowzone,At Risk
KH0009171,09/12/2024,09/12/2024,1,1152000,1152000,497,0,1,Collaborator,At Risk
KH0009172,10/12/2024,10/12/2024,1,688000,688000,496,0,1,Website,At Risk
KH0009173,11/12/2024,11/12/2024,1,2200000,2200000,495,0,1,Internal,At Risk
KH0009174,11/12/2024,11/12/2024,1,1500000,1500000,495,0,1,Internal,At Risk
KH0009175,11/12/2024,11/12/2024,1,488000,488000,495,0,1,Event,At Risk
KH0009183,20/12/2024,20/12/2024,1,1880000,1880000,486,0,1,Website,At Risk
KH0009184,23/12/2024,23/12/2024,1,880000,880000,483,0,1,Facebook,At Risk
KH0009185,21/12/2024,21/12/2024,1,1778000,1778000,485,0,1,Zalo,At Risk
KH0009186,21/12/2024,21/12/2024,1,2880000,2880000,485,0,1,Collaborator,At Risk
KH000919,07/04/2026,07/04/2026,1,4410000,4410000,13,0,0,Takashimaya,Loyal
KH0009192,23/12/2024,23/12/2024,1,1659000,1659000,483,0,1,Zalo,At Risk
KH0009193,23/12/2024,23/12/2024,1,688000,688000,483,0,1,Internal,At Risk
KH0009197,26/12/2024,26/12/2024,1,880000,880000,480,0,1,Zalo,At Risk
KH0009198,27/12/2024,27/12/2024,1,864000,864000,479,0,1,Internal,At Risk
KH000920,07/04/2026,07/04/2026,1,11818000,11818000,13,0,0,Takashimaya,Loyal
KH0009200,26/12/2024,26/12/2024,1,1080000,1080000,480,0,1,Nowzone,At Risk
KH0009202,27/12/2024,30/12/2024,2,9000000,4500000,476,1,1,Nowzone,At Risk
KH0009204,28/12/2024,28/12/2024,1,3000000,3000000,478,0,1,Nowzone,At Risk
KH0009205,29/12/2024,13/02/2025,2,3060000,1530000,431,1,1,Nowzone,At Risk
KH0009206,29/12/2024,29/12/2024,1,880000,880000,477,0,1,Nowzone,At Risk
KH0009208,31/12/2024,31/12/2024,1,1500000,1500000,475,0,1,Zalo,At Risk
KH0009209,30/12/2024,30/12/2024,1,2560000,2560000,476,0,1,Website,At Risk
KH0009210,28/12/2024,28/12/2024,1,1768000,1768000,478,0,1,Internal,At Risk
KH0009211,28/12/2024,28/12/2024,1,880000,880000,478,0,1,Internal,At Risk
KH0009212,28/12/2024,28/12/2024,1,1510200,1510200,478,0,1,Internal,At Risk
KH0009213,28/12/2024,29/12/2024,2,1138000,569000,477,1,1,Internal,At Risk
KH0009214,28/12/2024,28/03/2026,5,18640000,3728000,23,1,0,Internal,VIP
KH0009215,28/12/2024,28/12/2024,1,688000,688000,478,0,1,Internal,At Risk
KH0009216,29/12/2024,29/12/2024,1,3024000,3024000,477,0,1,Internal,At Risk
KH0009217,29/12/2024,29/12/2024,1,688000,688000,477,0,1,Internal,At Risk
KH0009218,29/12/2024,29/12/2024,1,4780000,4780000,477,0,1,Internal,At Risk
KH0009219,29/12/2024,29/12/2024,1,880000,880000,477,0,1,Internal,At Risk
KH000922,09/04/2026,09/04/2026,1,7800000,7800000,11,0,0,Takashimaya,Loyal
KH0009220,29/12/2024,29/12/2024,1,1568000,1568000,477,0,1,Internal,At Risk
KH0009221,31/12/2024,31/12/2024,1,888000,888000,475,0,1,Facebook,At Risk
KH0009222,31/12/2024,31/12/2024,1,1188000,1188000,475,0,1,Internal,At Risk
KH0009224,10/01/2025,10/01/2025,1,900000,900000,465,0,1,Website,At Risk
KH0009226,05/01/2025,05/01/2025,1,880000,880000,470,0,1,Nowzone,At Risk
KH0009227,05/01/2025,05/01/2025,1,1876000,1876000,470,0,1,Nowzone,At Risk
KH000923,16/04/2026,16/04/2026,1,2720000,2720000,4,0,0,Zalo,Loyal
KH0009230,16/04/2025,08/09/2025,2,6720000,3360000,224,1,0,Facebook,Loyal
KH0009231,08/01/2025,08/01/2025,1,2500000,2500000,467,0,1,Nowzone,At Risk
KH0009233,10/01/2025,10/01/2025,1,688000,688000,465,0,1,Nowzone,At Risk
KH0009234,12/01/2025,17/01/2025,2,2260000,1130000,458,1,1,Nowzone,At Risk
KH0009235,12/01/2025,12/01/2025,1,2560000,2560000,463,0,1,Nowzone,At Risk
KH0009236,16/01/2025,26/06/2025,3,5398000,1799333.333,298,1,0,Zalo,Loyal
KH0009237,15/01/2025,15/01/2025,1,1280000,1280000,460,0,1,Nowzone,At Risk
KH0009238,15/01/2025,15/01/2025,1,2180000,2180000,460,0,1,Nowzone,At Risk
KH0009245,19/01/2025,19/01/2025,1,1680000,1680000,456,0,1,Nowzone,At Risk
KH0009246,19/01/2025,19/01/2025,1,2248000,2248000,456,0,1,Nowzone,At Risk
KH0009247,15/08/2025,15/08/2025,1,1250000,1250000,248,0,0,Zalo,Loyal
KH000925,16/04/2026,16/04/2026,1,3000000,3000000,4,0,0,Zalo,Loyal
KH0009250,04/03/2025,04/03/2025,1,880000,880000,412,0,1,Facebook,At Risk
KH0009251,01/02/2025,01/02/2025,1,2600000,2600000,443,0,1,Nowzone,At Risk
KH0009252,01/02/2025,03/02/2025,2,8860000,4430000,441,1,1,Nowzone,At Risk
KH0009255,03/02/2025,30/05/2025,4,4612500,1153125,325,1,0,Nowzone,Loyal
KH0009257,03/02/2025,03/02/2025,1,1080000,1080000,441,0,1,Nowzone,At Risk
KH0009258,04/02/2025,04/02/2025,1,750000,750000,440,0,1,Nowzone,At Risk
KH0009259,05/02/2025,24/03/2026,3,3848000,1282666.667,27,1,0,Nowzone,Loyal
KH000926,16/04/2026,16/04/2026,1,3000000,3000000,4,0,0,Zalo,Loyal
KH0009262,07/02/2025,07/02/2025,1,968000,968000,437,0,1,Nowzone,At Risk
KH0009263,08/02/2025,08/02/2025,1,1360000,1360000,436,0,1,Nowzone,At Risk
KH0009264,09/02/2025,09/02/2025,1,650000,650000,435,0,1,Nowzone,At Risk
KH0009267,10/02/2025,23/12/2025,3,8742400,2914133.333,118,1,0,Nowzone,Loyal
KH0009268,10/02/2025,15/02/2025,2,2064000,1032000,429,1,1,Nowzone,At Risk
KH000927,16/04/2026,16/04/2026,1,880000,880000,4,0,0,Zalo,Loyal
KH0009270,11/02/2025,11/02/2025,1,1580000,1580000,433,0,1,Nowzone,At Risk
KH0009271,11/02/2025,07/09/2025,9,17618800,1957644.444,225,1,0,Nowzone,Loyal
KH0009272,11/02/2025,13/02/2025,2,2160000,1080000,431,1,1,Nowzone,At Risk
KH0009273,13/02/2025,13/02/2025,1,880000,880000,431,0,1,Nowzone,At Risk
KH0009275,14/02/2025,14/02/2025,1,688000,688000,430,0,1,Nowzone,At Risk
KH0009276,16/02/2025,02/10/2025,2,5610000,2805000,200,1,0,Nowzone,Loyal
KH0009277,06/03/2025,31/03/2025,2,3032000,1516000,385,1,1,Zalo,At Risk
KH0009278,17/02/2025,05/10/2025,3,9747200,3249066.667,197,1,0,Nowzone,Loyal
KH000928,16/04/2026,16/04/2026,1,456000,456000,4,0,0,Tiki,Loyal
KH0009280,19/02/2025,19/02/2025,1,3360000,3360000,425,0,1,Website,At Risk
KH0009281,08/09/2025,31/01/2026,2,11140000,5570000,79,1,0,Zalo,Loyal
KH0009286,20/02/2025,20/02/2025,1,1930500,1930500,424,0,1,Nowzone,At Risk
KH0009287,04/10/2025,04/10/2025,1,1555556,1555556,198,0,0,Zalo,Loyal
KH0009290,22/02/2025,22/02/2025,1,1980000,1980000,422,0,1,Nowzone,At Risk
KH0009291,22/02/2025,22/02/2025,1,1760000,1760000,422,0,1,Nowzone,At Risk
KH0009306,24/02/2025,24/02/2025,1,688000,688000,420,0,1,Internal,At Risk
KH0009307,24/02/2025,21/12/2025,3,7476000,2492000,120,1,0,Internal,Loyal
KH0009308,24/02/2025,24/02/2025,1,1680000,1680000,420,0,1,Internal,At Risk
KH0009309,24/02/2025,24/02/2025,1,688000,688000,420,0,1,Internal,At Risk
KH0009311,24/02/2025,24/02/2025,1,880000,880000,420,0,1,Internal,At Risk
KH0009312,24/02/2025,24/02/2025,1,1678000,1678000,420,0,1,Internal,At Risk
KH0009313,24/02/2025,24/02/2025,1,880000,880000,420,0,1,Internal,At Risk
KH0009314,24/02/2025,24/02/2025,1,280000,280000,420,0,1,Internal,At Risk
KH0009315,24/02/2025,24/02/2025,1,1680000,1680000,420,0,1,Internal,At Risk
KH0009316,24/02/2025,24/02/2025,1,688000,688000,420,0,1,Internal,At Risk
KH0009317,01/03/2025,09/07/2025,2,3790000,1895000,285,1,0,Zalo,Loyal
KH0009318,01/03/2025,05/03/2025,2,3893250,1946625,411,1,1,Zalo,At Risk
KH0009319,20/06/2025,23/09/2025,3,15221201,5073733.667,209,1,0,Zalo,Loyal
KH0009320,08/03/2025,11/07/2025,4,5710000,1427500,283,1,0,Website,Loyal
KH0009321,04/03/2025,04/03/2025,1,1080000,1080000,412,0,1,Facebook,At Risk
KH0009322,04/03/2025,04/03/2025,1,990000,990000,412,0,1,Facebook,At Risk
KH0009323,02/03/2025,02/03/2025,1,3600000,3600000,414,0,1,Zalo,At Risk
KH0009324,01/03/2025,20/06/2025,3,21372700,7124233.333,304,1,0,Nowzone,Loyal
KH0009325,05/03/2025,05/03/2025,1,2160000,2160000,411,0,1,Facebook,At Risk
KH0009326,25/04/2025,25/04/2025,1,1344000,1344000,360,0,0,Internal,Loyal
KH0009328,07/03/2025,07/03/2025,1,2160000,2160000,409,0,1,Website,At Risk
KH0009329,08/03/2025,08/03/2025,1,4340000,4340000,408,0,1,Website,At Risk
KH0009330,10/03/2025,10/03/2025,1,580000,580000,406,0,1,Website,At Risk
KH0009331,22/05/2025,22/05/2025,1,3848000,3848000,333,0,0,Nowzone,Loyal
KH0009335,09/03/2025,28/03/2025,2,36946000,18473000,388,1,1,Zalo,At Risk
KH0009336,07/03/2025,25/03/2026,2,4618000,2309000,26,1,0,Nowzone,Loyal
KH0009337,07/03/2025,07/03/2025,1,344000,344000,409,0,1,Internal,At Risk
KH0009339,10/03/2025,10/03/2025,1,2180000,2180000,406,0,1,Website,At Risk
KH0009340,11/03/2025,11/03/2025,1,1800000,1800000,405,0,1,Zalo,At Risk
KH0009341,11/03/2025,11/03/2025,1,1090000,1090000,405,0,1,Facebook,At Risk
KH0009342,12/03/2025,27/12/2025,12,52074840,4339570,114,1,0,Nowzone,Loyal
KH0009343,12/03/2025,15/03/2025,2,2180000,1090000,401,1,1,Nowzone,At Risk
KH0009344,20/05/2025,20/05/2025,1,1080000,1080000,335,0,0,Zalo,Loyal
KH0009345,14/03/2025,05/09/2025,5,11120800,2224160,227,1,0,Nowzone,Loyal
KH0009346,15/03/2025,15/03/2025,1,3600000,3600000,401,0,1,Nowzone,At Risk
KH0009347,20/03/2025,26/03/2025,2,11429800,5714900,390,1,1,Zalo,At Risk
KH0009348,19/03/2025,19/03/2025,1,2950000,2950000,397,0,1,Website,At Risk
KH0009349,19/03/2025,29/03/2025,2,8576000,4288000,387,1,1,Nowzone,At Risk
KH0009350,19/03/2025,19/03/2025,1,5800000,5800000,397,0,1,Nowzone,At Risk
KH0009351,19/03/2025,19/03/2025,1,2230000,2230000,397,0,1,Nowzone,At Risk
KH0009352,31/03/2025,31/03/2025,1,688000,688000,385,0,1,Lazada,At Risk
KH0009353,20/03/2025,11/11/2025,3,8739926,2913308.667,160,1,0,Nowzone,Loyal
KH0009355,26/03/2025,26/03/2025,1,4560000,4560000,390,0,1,Facebook,At Risk
KH0009356,22/03/2025,31/03/2025,2,8938000,4469000,385,1,1,Nowzone,At Risk
KH0009357,27/03/2025,27/03/2025,1,1800000,1800000,389,0,1,Zalo,At Risk
KH0009358,26/03/2025,31/03/2025,2,2068000,1034000,385,1,1,Facebook,At Risk
KH0009359,26/03/2025,08/05/2025,3,2645000,881666.6667,347,1,0,Facebook,Loyal
KH0009360,31/03/2025,31/03/2025,1,8050000,8050000,385,0,1,Website,At Risk
KH0009361,31/03/2025,31/03/2025,1,1180000,1180000,385,0,1,Facebook,At Risk
KH0009362,31/03/2025,09/10/2025,3,1982815,660938.3333,193,1,0,Facebook,Loyal
KH0009363,31/03/2025,31/03/2025,1,2368000,2368000,385,0,1,Zalo,At Risk
KH0009364,31/03/2025,31/03/2025,1,1980000,1980000,385,0,1,Zalo,At Risk
KH0009365,29/03/2025,29/03/2025,1,1680000,1680000,387,0,1,Internal,At Risk
KH0009366,29/03/2025,29/03/2025,1,980000,980000,387,0,1,Nowzone,At Risk
KH0009367,30/03/2025,15/12/2025,2,1376000,688000,126,1,0,Nowzone,Loyal
KH0009368,30/03/2025,30/03/2025,1,5350000,5350000,386,0,1,Nowzone,At Risk
KH0009369,31/03/2025,31/03/2025,1,4000000,4000000,385,0,1,Nowzone,At Risk
KH0009370,01/04/2025,01/04/2025,1,5720000,5720000,384,0,1,Nowzone,At Risk
KH0009371,04/04/2025,04/04/2025,1,2180000,2180000,381,0,1,Zalo,At Risk
KH0009373,04/04/2025,04/04/2025,1,6490000,6490000,381,0,1,Nowzone,At Risk
KH0009374,06/04/2025,06/04/2025,1,3640000,3640000,379,0,1,Nowzone,At Risk
KH0009376,08/04/2025,09/04/2025,2,1330000,665000,376,1,1,Website,At Risk
KH0009377,09/04/2025,09/04/2025,1,1500000,1500000,376,0,1,Zalo,At Risk
KH0009378,14/04/2025,14/04/2025,1,2600000,2600000,371,0,1,Zalo,At Risk
KH0009379,12/04/2025,12/04/2025,1,3600000,3600000,373,0,1,Zalo,At Risk
KH0009380,10/04/2025,16/12/2025,4,4656814,1164203.5,125,1,0,Internal,Loyal
KH0009381,10/04/2025,13/05/2025,2,964000,482000,342,1,0,Internal,Loyal
KH0009382,15/04/2025,15/04/2025,1,1280000,1280000,370,0,1,Zalo,At Risk
KH0009383,11/04/2025,11/04/2025,1,3600000,3600000,374,0,1,Nowzone,At Risk
KH0009384,13/04/2025,13/04/2025,1,1500000,1500000,372,0,1,Nowzone,At Risk
KH0009385,17/04/2025,17/04/2025,1,1350000,1350000,368,0,1,Website,At Risk
KH0009386,15/04/2025,15/04/2025,1,1750000,1750000,370,0,1,Website,At Risk
KH0009387,17/04/2025,18/04/2025,2,4026000,2013000,367,1,1,Website,At Risk
KH0009388,16/04/2025,16/04/2025,1,1980000,1980000,369,0,1,Zalo,At Risk
KH0009389,23/04/2025,23/04/2025,1,2500000,2500000,362,0,0,Website,Loyal
KH0009390,18/04/2025,21/07/2025,2,4318000,2159000,273,1,0,Nowzone,Loyal
KH0009391,19/04/2025,19/04/2025,1,1090000,1090000,366,0,1,Nowzone,At Risk
KH0009392,20/04/2025,20/04/2025,1,4161000,4161000,365,0,0,Nowzone,Loyal
KH0009393,20/04/2025,14/12/2025,5,31471360,6294272,127,1,0,Nowzone,Loyal
KH0009394,20/04/2025,20/04/2025,1,8740000,8740000,365,0,0,Nowzone,Loyal
KH0009395,26/04/2025,26/04/2025,1,5280000,5280000,359,0,0,Nowzone,Loyal
KH0009400,21/04/2025,04/10/2025,2,2348000,1174000,198,1,0,Nowzone,Loyal
KH000941,11/04/2026,11/04/2026,1,2580000,2580000,9,0,0,Takashimaya,Loyal
KH0009411,30/08/2025,06/04/2026,4,10674700,2668675,14,1,0,Takashimaya,VIP
KH0009414,21/04/2025,21/04/2025,1,3076000,3076000,364,0,0,Nowzone,Loyal
KH000942,12/04/2026,12/04/2026,1,12630000,12630000,8,0,0,Takashimaya,Loyal
KH0009420,23/04/2025,21/07/2025,4,16350000,4087500,273,1,0,Zalo,Loyal
KH0009426,23/04/2025,23/04/2025,1,4720000,4720000,362,0,0,Zalo,Loyal
KH000943,17/04/2026,17/04/2026,2,10320000,5160000,3,1,0,Website,Loyal
KH0009434,22/04/2025,22/04/2025,1,1600000,1600000,363,0,0,Nowzone,Loyal
KH0009435,24/04/2025,24/04/2025,1,1568000,1568000,361,0,0,Zalo,Loyal
KH0009436,23/04/2025,23/04/2025,1,2412000,2412000,362,0,0,Nowzone,Loyal
KH0009438,25/04/2025,25/04/2025,1,3360000,3360000,360,0,0,Shopee,Loyal
KH0009439,27/04/2025,27/04/2025,1,2488000,2488000,358,0,0,Facebook,Loyal
KH0009440,28/04/2025,28/04/2025,1,1350000,1350000,357,0,0,Zalo,Loyal
KH0009441,26/04/2025,26/05/2025,2,1980000,990000,329,1,0,Nowzone,Loyal
KH0009442,26/04/2025,26/04/2025,1,2756000,2756000,359,0,0,Nowzone,Loyal
KH0009443,27/04/2025,27/04/2025,1,3000000,3000000,358,0,0,Nowzone,Loyal
KH0009444,28/04/2025,28/04/2025,1,1280000,1280000,357,0,0,Nowzone,Loyal
KH0009445,05/05/2025,11/05/2025,2,3335000,1667500,344,1,0,Lazada,Loyal
KH0009446,29/04/2025,29/04/2025,1,5400000,5400000,356,0,0,Nowzone,Loyal
KH0009447,01/05/2025,17/05/2025,4,5618000,1404500,338,1,0,Nowzone,Loyal
KH0009448,02/05/2025,02/05/2025,1,1380000,1380000,353,0,0,Nowzone,Loyal
KH0009449,04/05/2025,04/05/2025,1,1680000,1680000,351,0,0,Nowzone,Loyal
KH0009450,04/05/2025,04/05/2025,1,9390000,9390000,351,0,0,Nowzone,Loyal
KH0009451,12/05/2025,24/05/2025,3,19414000,6471333.333,331,1,0,Zalo,Loyal
KH0009456,06/05/2025,06/05/2025,1,1117000,1117000,349,0,0,Lazada,Loyal
KH0009457,06/05/2025,06/05/2025,1,1280000,1280000,349,0,0,Nowzone,Loyal
KH0009459,09/05/2025,09/05/2025,1,450000,450000,346,0,0,Zalo,Loyal
KH0009460,09/05/2025,09/05/2025,1,1000000,1000000,346,0,0,Shopee,Loyal
KH0009461,09/05/2025,21/07/2025,3,13513800,4504600,273,1,0,Zalo,Loyal
KH0009462,19/05/2025,19/05/2025,1,1180000,1180000,336,0,0,TikTok,Loyal
KH0009463,14/05/2025,14/05/2025,1,380000,380000,341,0,0,Lazada,Loyal
KH0009465,15/05/2025,15/05/2025,1,3480000,3480000,340,0,0,Nowzone,Loyal
KH0009466,16/05/2025,16/05/2025,1,1580000,1580000,339,0,0,Event,Loyal
KH0009467,16/05/2025,16/05/2025,1,1580000,1580000,339,0,0,Event,Loyal
KH0009468,16/05/2025,16/05/2025,1,2880000,2880000,339,0,0,Event,Loyal
KH0009469,16/05/2025,16/05/2025,1,888000,888000,339,0,0,Event,Loyal
KH0009470,18/05/2025,20/05/2025,2,6260600,3130300,335,1,0,Nowzone,Loyal
KH0009471,19/05/2025,19/05/2025,1,1408000,1408000,336,0,0,Tiki,Loyal
KH0009472,20/05/2025,20/06/2025,3,6628000,2209333.333,304,1,0,Website,Loyal
KH0009473,22/05/2025,30/05/2025,2,2468000,1234000,325,1,0,Facebook,Loyal
KH0009474,19/05/2025,19/05/2025,1,3600000,3600000,336,0,0,Nowzone,Loyal
KH0009475,20/05/2025,08/09/2025,2,3726000,1863000,224,1,0,Nowzone,Loyal
KH0009476,20/05/2025,20/05/2025,1,1596000,1596000,335,0,0,Nowzone,Loyal
KH0009477,20/05/2025,20/05/2025,1,3650000,3650000,335,0,0,Zalo,Loyal
KH0009478,23/05/2025,08/10/2025,3,7978200,2659400,194,1,0,Nowzone,Loyal
KH0009479,24/05/2025,24/05/2025,1,880000,880000,331,0,0,Nowzone,Loyal
KH0009480,29/05/2025,29/05/2025,1,1350000,1350000,326,0,0,Zalo,Loyal
KH0009481,25/05/2025,25/05/2025,1,1080000,1080000,330,0,0,Nowzone,Loyal
KH0009482,25/05/2025,08/06/2025,2,2360000,1180000,316,1,0,Nowzone,Loyal
KH0009483,25/05/2025,25/05/2025,1,888000,888000,330,0,0,Nowzone,Loyal
KH0009486,27/05/2025,10/09/2025,2,6720000,3360000,222,1,0,Internal,Loyal
KH0009487,28/05/2025,28/05/2025,1,5280000,5280000,327,0,0,Nowzone,Loyal
KH0009489,29/05/2025,13/02/2026,5,18841600,3768320,66,1,0,Internal,VIP
KH0009490,30/05/2025,24/06/2025,2,3360000,1680000,300,1,0,Zalo,Loyal
KH0009491,01/06/2025,01/06/2025,1,2700000,2700000,323,0,0,Nowzone,Loyal
KH0009492,05/06/2025,05/06/2025,1,880000,880000,319,0,0,Zalo,Loyal
KH0009494,07/06/2025,19/01/2026,4,11836519,2959129.75,91,1,0,Zalo,Loyal
KH0009495,03/06/2025,03/09/2025,5,32486400,6497280,229,1,0,Nowzone,Loyal
KH0009496,08/06/2025,08/06/2025,1,880000,880000,316,0,0,Facebook,Loyal
KH0009497,07/06/2025,20/06/2025,2,2910000,1455000,304,1,0,Zalo,Loyal
KH0009499,06/06/2025,06/06/2025,1,3260000,3260000,318,0,0,Nowzone,Loyal
KH0009500,08/06/2025,02/11/2025,2,11393000,5696500,169,1,0,Nowzone,Loyal
KH0009501,08/06/2025,08/06/2025,1,2160000,2160000,316,0,0,Nowzone,Loyal
KH0009502,08/06/2025,08/06/2025,1,880000,880000,316,0,0,Nowzone,Loyal
KH0009503,12/06/2025,12/06/2025,1,620000,620000,312,0,0,Zalo,Loyal
KH0009504,10/06/2025,10/06/2025,1,5308000,5308000,314,0,0,Zalo,Loyal
KH0009505,11/06/2025,11/06/2025,1,3600000,3600000,313,0,0,Zalo,Loyal
KH0009506,10/06/2025,18/07/2025,3,12205000,4068333.333,276,1,0,Nowzone,Loyal
KH0009507,12/06/2025,12/06/2025,1,2488000,2488000,312,0,0,Zalo,Loyal
KH0009509,13/06/2025,13/06/2025,1,1500000,1500000,311,0,0,Zalo,Loyal
KH0009510,12/06/2025,16/06/2025,2,2360000,1180000,308,1,0,Nowzone,Loyal
KH0009513,26/06/2025,13/09/2025,4,5938519,1484629.75,219,1,0,Zalo,Loyal
KH0009514,16/06/2025,16/06/2025,1,1015200,1015200,308,0,0,Internal,Loyal
KH0009518,16/06/2025,16/06/2025,1,6608000,6608000,308,0,0,Internal,Loyal
KH0009519,18/06/2025,18/06/2025,1,3600000,3600000,306,0,0,Zalo,Loyal
KH0009520,06/10/2025,06/10/2025,1,3822222,3822222,196,0,0,Zalo,Loyal
KH0009521,18/06/2025,18/06/2025,1,881720,881720,306,0,0,Zalo,Loyal
KH0009522,20/06/2025,26/06/2025,2,5091200,2545600,298,1,0,Zalo,Loyal
KH0009523,20/06/2025,20/06/2025,1,1861200,1861200,304,0,0,Facebook,Loyal
KH0009526,08/08/2025,19/02/2026,6,3984000,664000,60,1,0,Takashimaya,Loyal
KH0009527,27/06/2025,11/07/2025,2,23418900,11709450,283,1,0,Zalo,Loyal
KH0009540,22/06/2025,22/06/2025,1,3550000,3550000,302,0,0,Nowzone,Loyal
KH0009541,22/06/2025,22/06/2025,1,2760000,2760000,302,0,0,Nowzone,Loyal
KH0009542,24/06/2025,24/06/2025,1,1680000,1680000,300,0,0,Lazada,Loyal
KH0009543,24/06/2025,24/06/2025,1,909000,909000,300,0,0,Zalo,Loyal
KH0009544,24/06/2025,24/06/2025,1,2862000,2862000,300,0,0,Internal,Loyal
KH0009545,23/06/2025,23/06/2025,1,423000,423000,301,0,0,Internal,Loyal
KH0009546,23/06/2025,23/06/2025,1,1015200,1015200,301,0,0,Internal,Loyal
KH0009547,23/06/2025,23/06/2025,1,1090000,1090000,301,0,0,Nowzone,Loyal
KH0009548,23/06/2025,23/06/2025,1,646720,646720,301,0,0,Internal,Loyal
KH0009549,23/06/2025,23/06/2025,1,2000000,2000000,301,0,0,Internal,Loyal
KH0009550,23/06/2025,23/06/2025,1,345920,345920,301,0,0,Internal,Loyal
KH0009551,24/06/2025,24/06/2025,1,1080000,1080000,300,0,0,Internal,Loyal
KH0009552,23/06/2025,23/06/2025,1,1760000,1760000,301,0,0,Nowzone,Loyal
KH0009553,26/06/2025,26/06/2025,1,8050000,8050000,298,0,0,Zalo,Loyal
KH0009554,28/06/2025,28/06/2025,1,3360000,3360000,296,0,0,Internal,Loyal
KH0009555,27/06/2025,07/01/2026,2,4716000,2358000,103,1,0,Nowzone,Loyal
KH0009556,27/06/2025,05/09/2025,2,3095600,1547800,227,1,0,Nowzone,Loyal
KH0009557,27/06/2025,27/06/2025,1,3600000,3600000,297,0,0,Nowzone,Loyal
KH0009558,30/06/2025,14/07/2025,3,4818000,1606000,280,1,0,TikTok,Loyal
KH0009559,04/07/2025,04/07/2025,1,2700000,2700000,290,0,0,Zalo,Loyal
KH0009560,02/07/2025,28/10/2025,6,25489200,4248200,174,1,0,TikTok,Loyal
KH0009561,07/07/2025,07/07/2025,1,1089000,1089000,287,0,0,Tiki,Loyal
KH0009562,02/07/2025,28/11/2025,4,8316000,2079000,143,1,0,Nowzone,Loyal
KH0009563,06/07/2025,06/07/2025,1,3880000,3880000,288,0,0,Website,Loyal
KH0009564,05/07/2025,05/07/2025,1,10300000,10300000,289,0,0,Nowzone,Loyal
KH0009565,08/07/2025,08/07/2025,1,880000,880000,286,0,0,Website,Loyal
KH0009566,07/07/2025,07/07/2025,1,2500000,2500000,287,0,0,Website,Loyal
KH0009567,08/07/2025,08/07/2025,1,1080000,1080000,286,0,0,Event,Loyal
KH0009568,08/07/2025,08/07/2025,1,1280000,1280000,286,0,0,Event,Loyal
KH0009570,08/07/2025,08/07/2025,1,688000,688000,286,0,0,Event,Loyal
KH0009571,09/07/2025,09/07/2025,1,4800000,4800000,285,0,0,Zalo,Loyal
KH0009572,09/07/2025,11/11/2025,2,12262000,6131000,160,1,0,Nowzone,Loyal
KH0009573,14/07/2025,06/08/2025,3,6340000,2113333.333,257,1,0,Zalo,Loyal
KH0009574,12/07/2025,12/07/2025,1,1600000,1600000,282,0,0,Zalo,Loyal
KH0009575,11/07/2025,11/11/2025,4,7820400,1955100,160,1,0,Zalo,Loyal
KH0009576,14/07/2025,10/10/2025,2,2288000,1144000,192,1,0,Zalo,Loyal
KH0009577,14/07/2025,15/07/2025,2,2038000,1019000,279,1,0,Zalo,Loyal
KH0009578,14/07/2025,14/07/2025,1,1960000,1960000,280,0,0,Zalo,Loyal
KH0009579,12/07/2025,12/07/2025,1,1238000,1238000,282,0,0,Nowzone,Loyal
KH0009580,13/07/2025,13/07/2025,1,3360000,3360000,281,0,0,Nowzone,Loyal
KH0009581,13/07/2025,11/03/2026,2,12519200,6259600,40,1,0,Nowzone,Loyal
KH0009582,14/07/2025,05/11/2025,4,8390000,2097500,166,1,0,Zalo,Loyal
KH0009583,01/10/2025,01/10/2025,1,1090000,1090000,201,0,0,Facebook,Loyal
KH0009584,15/07/2025,15/07/2025,1,1936000,1936000,279,0,0,Zalo,Loyal
KH0009585,15/07/2025,15/07/2025,1,5500000,5500000,279,0,0,Nowzone,Loyal
KH0009586,18/07/2025,18/07/2025,1,750000,750000,276,0,0,Zalo,Loyal
KH0009587,21/07/2025,21/07/2025,1,1350000,1350000,273,0,0,Website,Loyal
KH0009588,17/07/2025,22/01/2026,2,3550000,1775000,88,1,0,Nowzone,Loyal
KH0009589,21/07/2025,21/07/2025,1,368000,368000,273,0,0,Website,Loyal
KH0009590,18/07/2025,03/11/2025,3,11329100,3776366.667,168,1,0,Nowzone,Loyal
KH0009591,19/07/2025,19/07/2025,1,1180000,1180000,275,0,0,Nowzone,Loyal
KH0009592,19/07/2025,25/07/2025,2,24543000,12271500,269,1,0,Nowzone,Loyal
KH0009593,21/07/2025,21/07/2025,1,730400,730400,273,0,0,Shopee,Loyal
KH0009594,31/07/2025,31/07/2025,1,1350000,1350000,263,0,0,Zalo,Loyal
KH0009595,21/07/2025,21/07/2025,1,450000,450000,273,0,0,Nowzone,Loyal
KH0009596,31/07/2025,31/07/2025,1,10180000,10180000,263,0,0,Facebook,Loyal
KH0009597,23/07/2025,25/12/2025,2,4524000,2262000,116,1,0,Nowzone,Loyal
KH0009598,24/07/2025,24/07/2025,1,2440000,2440000,270,0,0,Nowzone,Loyal
KH0009599,31/07/2025,31/07/2025,1,1080000,1080000,263,0,0,Website,Loyal
KH0009600,25/07/2025,25/07/2025,1,2180000,2180000,269,0,0,Nowzone,Loyal
KH0009601,25/07/2025,25/07/2025,1,1926000,1926000,269,0,0,Nowzone,Loyal
KH0009602,29/07/2025,31/07/2025,2,6960000,3480000,263,1,0,Website,Loyal
KH0009603,27/07/2025,27/07/2025,1,4990000,4990000,267,0,0,Nowzone,Loyal
KH0009604,31/07/2025,31/07/2025,1,700000,700000,263,0,0,Website,Loyal
KH0009605,31/07/2025,31/07/2025,1,6480000,6480000,263,0,0,Lazada,Loyal
KH0009606,30/07/2025,30/07/2025,1,3070000,3070000,264,0,0,Nowzone,Loyal
KH0009607,31/07/2025,31/07/2025,1,620000,620000,263,0,0,Zalo,Loyal
KH0009608,04/08/2025,26/08/2025,4,27243224,6810806,237,1,0,Zalo,Loyal
KH0009609,02/08/2025,02/08/2025,1,2560000,2560000,261,0,0,Nowzone,Loyal
KH0009610,02/08/2025,02/08/2025,1,2786000,2786000,261,0,0,Nowzone,Loyal
KH0009611,02/08/2025,02/08/2025,1,3000000,3000000,261,0,0,Nowzone,Loyal
KH0009612,03/08/2025,03/08/2025,1,1168000,1168000,260,0,0,Nowzone,Loyal
KH0009613,06/08/2025,06/08/2025,1,1180000,1180000,257,0,0,Facebook,Loyal
KH0009614,07/08/2025,12/08/2025,2,1980000,990000,251,1,0,Nowzone,Loyal
KH0009615,07/08/2025,07/08/2025,1,3200000,3200000,256,0,0,Nowzone,Loyal
KH0009616,08/08/2025,19/08/2025,2,3408560,1704280,244,1,0,Takashimaya,Loyal
KH0009617,08/08/2025,08/08/2025,1,4416000,4416000,255,0,0,Takashimaya,Loyal
KH0009618,08/08/2025,26/08/2025,2,6809971,3404985.5,237,1,0,Takashimaya,Loyal
KH000962,15/04/2026,15/04/2026,1,800000,800000,5,0,0,Takashimaya,Loyal
KH0009620,08/08/2025,08/08/2025,1,450000,450000,255,0,0,Takashimaya,Loyal
KH0009621,08/08/2025,08/08/2025,1,4680960,4680960,255,0,0,Takashimaya,Loyal
KH0009622,11/08/2025,11/08/2025,1,13470000,13470000,252,0,0,Zalo,Loyal
KH0009623,09/08/2025,09/08/2025,1,1380000,1380000,254,0,0,Takashimaya,Loyal
KH0009624,09/08/2025,06/12/2025,4,17930500,4482625,135,1,0,Takashimaya,Loyal
KH0009625,09/08/2025,09/08/2025,1,1177600,1177600,254,0,0,Takashimaya,Loyal
KH0009626,09/08/2025,09/08/2025,1,993600,993600,254,0,0,Takashimaya,Loyal
KH0009627,13/08/2025,13/08/2025,1,4950000,4950000,250,0,0,Zalo,Loyal
KH0009629,09/08/2025,06/03/2026,21,108665380,5174541.905,45,1,0,Takashimaya,VIP
KH0009630,10/08/2025,10/08/2025,1,8276320,8276320,253,0,0,Takashimaya,Loyal
KH0009631,10/08/2025,10/08/2025,1,2750800,2750800,253,0,0,Takashimaya,Loyal
KH0009632,10/08/2025,10/08/2025,1,1067200,1067200,253,0,0,Takashimaya,Loyal
KH0009633,10/08/2025,10/08/2025,1,1080000,1080000,253,0,0,Nowzone,Loyal
KH0009634,10/08/2025,17/08/2025,3,10093600,3364533.333,246,1,0,Takashimaya,Loyal
KH0009635,10/08/2025,15/11/2025,4,17022780,4255695,156,1,0,Takashimaya,Loyal
KH0009636,10/08/2025,10/08/2025,1,809600,809600,253,0,0,Takashimaya,Loyal
KH0009639,13/08/2025,13/08/2025,1,1080000,1080000,250,0,0,Zalo,Loyal
KH0009640,11/08/2025,11/08/2025,1,450000,450000,252,0,0,Takashimaya,Loyal
KH0009641,11/08/2025,11/08/2025,1,257600,257600,252,0,0,Takashimaya,Loyal
KH0009642,13/08/2025,13/08/2025,1,938000,938000,250,0,0,Zalo,Loyal
KH0009643,16/08/2025,16/08/2025,1,1250000,1250000,247,0,0,Website,Loyal
KH0009644,12/08/2025,12/08/2025,1,1330000,1330000,251,0,0,Nowzone,Loyal
KH0009645,12/08/2025,12/08/2025,1,1453600,1453600,251,0,0,Takashimaya,Loyal
KH0009646,13/08/2025,13/08/2025,1,1080000,1080000,250,0,0,Takashimaya,Loyal
KH0009648,13/08/2025,27/11/2025,3,3025000,1008333.333,144,1,0,Takashimaya,Loyal
KH0009649,19/08/2025,19/08/2025,1,6887037,6887037,244,0,0,Zalo,Loyal
KH0009650,15/08/2025,06/10/2025,3,13458600,4486200,196,1,0,Takashimaya,Loyal
KH0009651,15/08/2025,15/08/2025,2,12500000,6250000,248,1,0,Takashimaya,Loyal
KH0009652,15/08/2025,15/08/2025,1,6108000,6108000,248,0,0,Takashimaya,Loyal
KH0009653,15/08/2025,15/08/2025,1,938000,938000,248,0,0,Takashimaya,Loyal
KH0009654,15/08/2025,20/09/2025,2,2084400,1042200,212,1,0,Takashimaya,Loyal
KH0009655,16/08/2025,16/08/2025,1,1260000,1260000,247,0,0,Nowzone,Loyal
KH0009656,16/08/2025,16/08/2025,1,838000,838000,247,0,0,Takashimaya,Loyal
KH0009657,16/08/2025,23/09/2025,2,4216000,2108000,209,1,0,Takashimaya,Loyal
KH0009658,16/08/2025,16/08/2025,1,650000,650000,247,0,0,Takashimaya,Loyal
KH0009659,17/08/2025,17/08/2025,1,6960000,6960000,246,0,0,Takashimaya,Loyal
KH000966,17/04/2026,17/04/2026,1,5500000,5500000,3,0,0,Nowzone,Loyal
KH0009660,17/08/2025,17/08/2025,1,2670000,2670000,246,0,0,Takashimaya,Loyal
KH0009661,17/08/2025,14/04/2026,8,125358000,15669750,6,1,0,Takashimaya,VIP
KH0009662,17/08/2025,17/08/2025,1,5680000,5680000,246,0,0,Takashimaya,Loyal
KH0009663,17/08/2025,17/08/2025,1,1980000,1980000,246,0,0,Takashimaya,Loyal
KH0009664,17/08/2025,19/08/2025,2,9480000,4740000,244,1,0,Takashimaya,Loyal
KH0009666,18/08/2025,18/08/2025,1,3968000,3968000,245,0,0,Takashimaya,Loyal
KH0009667,18/08/2025,18/08/2025,1,6808000,6808000,245,0,0,Takashimaya,Loyal
KH0009668,19/08/2025,26/11/2025,2,3616563,1808281.5,145,1,0,Zalo,Loyal
KH0009669,19/08/2025,19/03/2026,2,1875437,937718.5,32,1,0,Facebook,Loyal
KH0009672,20/08/2025,30/08/2025,3,4481000,1493666.667,233,1,0,Takashimaya,Loyal
KH0009674,20/08/2025,13/09/2025,2,1980000,990000,219,1,0,Takashimaya,Loyal
KH0009675,26/08/2025,16/12/2025,5,8627800,1725560,125,1,0,Website,Loyal
KH0009676,21/08/2025,21/08/2025,1,650000,650000,242,0,0,Takashimaya,Loyal
KH0009677,21/08/2025,21/08/2025,1,6720000,6720000,242,0,0,Takashimaya,Loyal
KH0009678,26/08/2025,26/08/2025,1,1000000,1000000,237,0,0,Internal,Loyal
KH0009679,21/08/2025,21/08/2025,1,2956000,2956000,242,0,0,Takashimaya,Loyal
KH000968,17/04/2026,17/04/2026,1,8126000,8126000,3,0,0,Takashimaya,Loyal
KH0009680,22/08/2025,22/08/2025,1,3000000,3000000,241,0,0,Takashimaya,Loyal
KH0009681,22/08/2025,22/08/2025,1,3091200,3091200,241,0,0,Takashimaya,Loyal
KH0009682,23/08/2025,23/08/2025,1,280000,280000,240,0,0,Takashimaya,Loyal
KH0009683,23/08/2025,23/08/2025,1,3300000,3300000,240,0,0,Takashimaya,Loyal
KH0009684,23/08/2025,23/08/2025,1,1760000,1760000,240,0,0,Takashimaya,Loyal
KH0009685,23/08/2025,23/08/2025,1,2005600,2005600,240,0,0,Takashimaya,Loyal
KH0009686,23/08/2025,29/09/2025,3,3226000,1075333.333,203,1,0,Takashimaya,Loyal
KH0009687,23/08/2025,23/08/2025,1,1338000,1338000,240,0,0,Takashimaya,Loyal
KH0009688,24/08/2025,24/08/2025,1,3600000,3600000,239,0,0,Takashimaya,Loyal
KH0009689,24/08/2025,24/08/2025,1,1680000,1680000,239,0,0,Nowzone,Loyal
KH000969,18/04/2026,18/04/2026,1,1080000,1080000,2,0,0,Nowzone,Loyal
KH0009690,24/08/2025,24/08/2025,1,3091200,3091200,239,0,0,Takashimaya,Loyal
KH0009691,24/08/2025,24/08/2025,1,1350000,1350000,239,0,0,Takashimaya,Loyal
KH0009692,24/08/2025,24/08/2025,1,688000,688000,239,0,0,Takashimaya,Loyal
KH0009693,24/08/2025,24/08/2025,1,880000,880000,239,0,0,Takashimaya,Loyal
KH0009694,26/08/2025,26/08/2025,1,5381120,5381120,237,0,0,Event,Loyal
KH0009695,25/08/2025,25/08/2025,1,1090000,1090000,238,0,0,Takashimaya,Loyal
KH0009696,25/08/2025,25/08/2025,1,1350000,1350000,238,0,0,Takashimaya,Loyal
KH0009697,26/08/2025,26/08/2025,1,1740741,1740741,237,0,0,Lazada,Loyal
KH0009698,26/08/2025,29/11/2025,2,16988500,8494250,142,1,0,Takashimaya,Loyal
KH0009699,26/08/2025,26/08/2025,1,259259,259259,237,0,0,Website,Loyal
KH000970,18/04/2026,18/04/2026,1,4380000,4380000,2,0,0,Nowzone,Loyal
KH0009700,26/08/2025,27/08/2025,2,2977407,1488703.5,236,1,0,Website,Loyal
KH0009701,26/08/2025,31/01/2026,2,1275704,637852,79,1,0,Tiki,Loyal
KH0009702,26/08/2025,26/08/2025,1,688000,688000,237,0,0,Event,Loyal
KH0009703,26/08/2025,26/08/2025,1,1180000,1180000,237,0,0,Event,Loyal
KH0009704,26/08/2025,26/08/2025,1,688000,688000,237,0,0,Event,Loyal
KH0009705,26/08/2025,26/08/2025,1,368000,368000,237,0,0,Event,Loyal
KH0009706,26/08/2025,26/08/2025,1,1188000,1188000,237,0,0,Event,Loyal
KH0009707,27/08/2025,27/08/2025,1,1350000,1350000,236,0,0,Event,Loyal
KH0009708,27/08/2025,27/08/2025,1,968000,968000,236,0,0,Event,Loyal
KH0009709,26/08/2025,26/08/2025,1,688000,688000,237,0,0,Event,Loyal
KH000971,19/04/2026,19/04/2026,1,1840000,1840000,1,0,0,Takashimaya,Loyal
KH0009710,26/08/2025,26/08/2025,1,1680000,1680000,237,0,0,Event,Loyal
KH0009711,26/08/2025,26/08/2025,1,990000,990000,237,0,0,Event,Loyal
KH0009712,26/08/2025,26/08/2025,1,1680000,1680000,237,0,0,Event,Loyal
KH0009713,26/08/2025,26/08/2025,1,368000,368000,237,0,0,Event,Loyal
KH0009714,27/08/2025,27/08/2025,1,558000,558000,236,0,0,Event,Loyal
KH0009715,26/08/2025,26/08/2025,1,1680000,1680000,237,0,0,Event,Loyal
KH0009716,26/08/2025,26/08/2025,1,838000,838000,237,0,0,Event,Loyal
KH0009717,26/08/2025,27/08/2025,2,3360000,1680000,236,1,0,Event,Loyal
KH0009718,26/08/2025,26/08/2025,1,688000,688000,237,0,0,Event,Loyal
KH0009719,27/08/2025,27/08/2025,1,280000,280000,236,0,0,Event,Loyal
KH000972,19/04/2026,19/04/2026,1,5680000,5680000,1,0,0,Takashimaya,Loyal
KH0009720,26/08/2025,26/08/2025,1,1376000,1376000,237,0,0,Event,Loyal
KH0009721,26/08/2025,26/08/2025,1,688000,688000,237,0,0,Event,Loyal
KH0009722,26/08/2025,26/08/2025,1,1960000,1960000,237,0,0,Takashimaya,Loyal
KH0009723,27/08/2025,27/08/2025,1,1276200,1276200,236,0,0,Event,Loyal
KH0009724,26/08/2025,02/09/2025,2,2196000,1098000,230,1,0,Takashimaya,Loyal
KH0009725,27/08/2025,27/08/2025,1,830000,830000,236,0,0,Facebook,Loyal
KH0009726,30/08/2025,14/12/2025,2,15200000,7600000,127,1,0,Takashimaya,Loyal
KH0009727,30/08/2025,30/08/2025,1,368000,368000,233,0,0,Takashimaya,Loyal
KH0009728,30/08/2025,10/02/2026,2,1828000,914000,69,1,0,Takashimaya,Loyal
KH0009729,30/08/2025,30/08/2025,1,1002800,1002800,233,0,0,Takashimaya,Loyal
KH000973,19/04/2026,19/04/2026,1,880000,880000,1,0,0,Takashimaya,Loyal
KH0009730,31/08/2025,31/08/2025,1,3150000,3150000,232,0,0,Takashimaya,Loyal
KH0009731,31/08/2025,20/09/2025,3,24942400,8314133.333,212,1,0,Nowzone,Loyal
KH0009732,01/09/2025,01/09/2025,1,5262400,5262400,231,0,0,Takashimaya,Loyal
KH0009733,01/09/2025,01/09/2025,1,1180000,1180000,231,0,0,Takashimaya,Loyal
KH0009734,01/09/2025,01/09/2025,1,1680000,1680000,231,0,0,Takashimaya,Loyal
KH0009735,01/09/2025,01/09/2025,1,4447280,4447280,231,0,0,Takashimaya,Loyal
KH0009736,01/09/2025,01/09/2025,1,6716000,6716000,231,0,0,Takashimaya,Loyal
KH0009737,01/09/2025,01/09/2025,1,990000,990000,231,0,0,Takashimaya,Loyal
KH0009738,02/09/2025,14/11/2025,2,2103100,1051550,157,1,0,Takashimaya,Loyal
KH0009739,02/09/2025,02/09/2025,1,1680000,1680000,230,0,0,Takashimaya,Loyal
KH0009740,02/09/2025,18/04/2026,5,25027200,5005440,2,1,0,Nowzone,VIP
KH0009741,02/09/2025,02/09/2025,1,280000,280000,230,0,0,Nowzone,Loyal
KH0009742,05/09/2025,05/09/2025,1,1481481,1481481,227,0,0,Website,Loyal
KH0009743,04/09/2025,04/09/2025,1,868519,868519,228,0,0,Website,Loyal
KH0009744,03/09/2025,03/09/2025,1,1080000,1080000,229,0,0,Takashimaya,Loyal
KH0009745,30/03/2026,04/04/2026,3,4859000,1619666.667,16,1,0,Nowzone,Loyal
KH0009746,04/09/2025,04/09/2025,1,1080000,1080000,228,0,0,Takashimaya,Loyal
KH0009747,05/09/2025,05/09/2025,1,628000,628000,227,0,0,Takashimaya,Loyal
KH0009748,08/09/2025,08/09/2025,1,2777778,2777778,224,0,0,Internal,Loyal
KH0009749,05/09/2025,25/11/2025,2,8310800,4155400,146,1,0,Takashimaya,Loyal
KH0009750,06/09/2025,06/09/2025,1,1680000,1680000,226,0,0,Takashimaya,Loyal
KH0009751,07/09/2025,07/09/2025,1,3091200,3091200,225,0,0,Takashimaya,Loyal
KH0009752,07/09/2025,07/09/2025,1,1350000,1350000,225,0,0,Takashimaya,Loyal
KH0009753,07/09/2025,07/09/2025,1,968000,968000,225,0,0,Nowzone,Loyal
KH0009754,07/09/2025,07/09/2025,1,880000,880000,225,0,0,Takashimaya,Loyal
KH0009755,09/09/2025,09/09/2025,1,1748148,1748148,223,0,0,Zalo,Loyal
KH0009756,08/09/2025,10/09/2025,2,6926000,3463000,222,1,0,Facebook,Loyal
KH0009757,08/09/2025,08/09/2025,1,1994560,1994560,224,0,0,Takashimaya,Loyal
KH0009758,10/09/2025,10/09/2025,1,650000,650000,222,0,0,Website,Loyal
KH0009760,09/09/2025,09/09/2025,1,1472000,1472000,223,0,0,Shopee,Loyal
KH0009761,09/09/2025,14/09/2025,2,8372000,4186000,218,1,0,Takashimaya,Loyal
KH0009762,10/09/2025,10/09/2025,1,1350000,1350000,222,0,0,Takashimaya,Loyal
KH0009763,11/09/2025,11/09/2025,1,1388889,1388889,221,0,0,Zalo,Loyal
KH0009764,10/09/2025,25/10/2025,2,15877000,7938500,177,1,0,Takashimaya,Loyal
KH0009766,11/09/2025,19/10/2025,2,6338000,3169000,183,1,0,Takashimaya,Loyal
KH0009767,12/09/2025,12/09/2025,1,4118000,4118000,220,0,0,Nowzone,Loyal
KH0009768,16/09/2025,16/09/2025,1,2685185,2685185,216,0,0,Facebook,Loyal
KH0009769,12/09/2025,12/09/2025,1,3600000,3600000,220,0,0,Takashimaya,Loyal
KH0009770,12/09/2025,12/09/2025,1,2180000,2180000,220,0,0,Takashimaya,Loyal
KH0009771,12/09/2025,12/09/2025,1,1090000,1090000,220,0,0,Takashimaya,Loyal
KH0009772,12/09/2025,12/09/2025,1,1090000,1090000,220,0,0,Takashimaya,Loyal
KH0009773,13/09/2025,13/09/2025,1,1680000,1680000,219,0,0,Takashimaya,Loyal
KH0009774,13/09/2025,13/09/2025,1,680000,680000,219,0,0,Takashimaya,Loyal
KH0009775,13/09/2025,13/09/2025,1,1778000,1778000,219,0,0,Nowzone,Loyal
KH0009776,13/09/2025,13/09/2025,1,1680000,1680000,219,0,0,Takashimaya,Loyal
KH0009777,13/09/2025,11/04/2026,2,3930000,1965000,9,1,0,Takashimaya,Loyal
KH0009778,13/09/2025,13/09/2025,1,1350000,1350000,219,0,0,Takashimaya,Loyal
KH0009779,16/09/2025,16/09/2025,1,1180000,1180000,216,0,0,Zalo,Loyal
KH0009780,15/09/2025,15/09/2025,1,1680000,1680000,217,0,0,Takashimaya,Loyal
KH0009781,15/09/2025,15/09/2025,1,2990000,2990000,217,0,0,Takashimaya,Loyal
KH0009782,16/09/2025,16/09/2025,1,12400000,12400000,216,0,0,Zalo,Loyal
KH0009783,16/09/2025,16/09/2025,1,1008333,1008333,216,0,0,Tiki,Loyal
KH0009784,16/09/2025,16/09/2025,1,4184000,4184000,216,0,0,Takashimaya,Loyal
KH0009785,16/09/2025,16/09/2025,1,3336000,3336000,216,0,0,Takashimaya,Loyal
KH0009786,16/09/2025,18/09/2025,2,3460000,1730000,214,1,0,Zalo,Loyal
KH0009787,17/09/2025,17/09/2025,1,880000,880000,215,0,0,Takashimaya,Loyal
KH0009788,21/09/2025,21/09/2025,1,637037,637037,211,0,0,Zalo,Loyal
KH0009790,21/09/2025,21/09/2025,1,1555556,1555556,211,0,0,Zalo,Loyal
KH0009791,18/09/2025,18/09/2025,1,2560000,2560000,214,0,0,Takashimaya,Loyal
KH0009793,19/09/2025,19/09/2025,1,1646400,1646400,213,0,0,Takashimaya,Loyal
KH0009794,19/09/2025,19/09/2025,1,6232800,6232800,213,0,0,Takashimaya,Loyal
KH0009795,19/09/2025,19/09/2025,1,3528000,3528000,213,0,0,Nowzone,Loyal
KH0009796,20/09/2025,23/03/2026,2,7988000,3994000,28,1,0,Takashimaya,Loyal
KH0009797,20/09/2025,20/09/2025,1,8556000,8556000,212,0,0,Nowzone,Loyal
KH0009798,20/09/2025,20/09/2025,1,1915800,1915800,212,0,0,Nowzone,Loyal
KH0009799,23/09/2025,23/09/2025,1,1350000,1350000,209,0,0,Zalo,Loyal
KH0009800,20/09/2025,20/09/2025,1,1680000,1680000,212,0,0,Takashimaya,Loyal
KH0009801,20/09/2025,20/09/2025,1,6900000,6900000,212,0,0,Takashimaya,Loyal
KH0009802,21/09/2025,21/09/2025,1,1680000,1680000,211,0,0,Takashimaya,Loyal
KH0009803,21/09/2025,03/12/2025,2,7618000,3809000,138,1,0,Nowzone,Loyal
KH0009804,23/09/2025,23/09/2025,1,1296296,1296296,209,0,0,Website,Loyal
KH0009805,23/09/2025,23/09/2025,1,2018519,2018519,209,0,0,Zalo,Loyal
KH0009806,22/09/2025,22/09/2025,1,1068200,1068200,210,0,0,Takashimaya,Loyal
KH0009807,26/09/2025,26/09/2025,1,416667,416667,206,0,0,Website,Loyal
KH0009808,24/09/2025,24/09/2025,1,1646400,1646400,208,0,0,Takashimaya,Loyal
KH0009809,25/09/2025,25/09/2025,1,9060000,9060000,207,0,0,Nowzone,Loyal
KH0009810,29/09/2025,29/09/2025,1,62963,62963,203,0,0,Website,Loyal
KH0009811,01/10/2025,01/10/2025,1,444444,444444,201,0,0,TikTok,Loyal
KH0009812,26/09/2025,26/09/2025,1,2479400,2479400,206,0,0,Takashimaya,Loyal
KH0009813,26/09/2025,26/09/2025,1,1680000,1680000,206,0,0,Nowzone,Loyal
KH0009814,26/09/2025,26/09/2025,1,880000,880000,206,0,0,Nowzone,Loyal
KH0009815,26/09/2025,26/09/2025,1,6762000,6762000,206,0,0,Takashimaya,Loyal
KH0009816,27/09/2025,27/09/2025,1,20456520,20456520,205,0,0,Takashimaya,Loyal
KH0009817,27/09/2025,27/09/2025,1,7742000,7742000,205,0,0,Takashimaya,Loyal
KH0009818,28/09/2025,28/09/2025,1,970200,970200,204,0,0,Takashimaya,Loyal
KH0009819,28/09/2025,28/09/2025,1,2630000,2630000,204,0,0,Takashimaya,Loyal
KH0009820,01/10/2025,14/12/2025,2,2027000,1013500,127,1,0,Event,Loyal
KH0009821,01/10/2025,01/10/2025,1,688000,688000,201,0,0,Event,Loyal
KH0009822,29/09/2025,29/09/2025,1,3663240,3663240,203,0,0,Nowzone,Loyal
KH0009823,29/09/2025,29/09/2025,1,1742440,1742440,203,0,0,Takashimaya,Loyal
KH0009824,30/09/2025,30/09/2025,1,2368000,2368000,202,0,0,Takashimaya,Loyal
KH0009825,03/10/2025,03/10/2025,1,3200000,3200000,199,0,0,Takashimaya,Loyal
KH0009826,03/10/2025,03/10/2025,1,3426000,3426000,199,0,0,Nowzone,Loyal
KH0009828,03/10/2025,03/10/2025,1,7900000,7900000,199,0,0,Takashimaya,Loyal
KH0009829,03/10/2025,03/10/2025,1,4380000,4380000,199,0,0,Nowzone,Loyal
KH0009830,04/10/2025,04/10/2025,1,342000,342000,198,0,0,Nowzone,Loyal
KH0009831,04/10/2025,04/10/2025,1,1380000,1380000,198,0,0,Takashimaya,Loyal
KH0009832,04/10/2025,04/10/2025,1,1170000,1170000,198,0,0,Takashimaya,Loyal
KH0009833,04/10/2025,04/10/2025,1,2970000,2970000,198,0,0,Takashimaya,Loyal
KH0009834,04/10/2025,04/10/2025,1,938000,938000,198,0,0,Takashimaya,Loyal
KH0009835,05/10/2025,05/10/2025,1,420000,420000,197,0,0,Takashimaya,Loyal
KH0009836,05/10/2025,05/10/2025,1,2100000,2100000,197,0,0,Takashimaya,Loyal
KH0009837,05/10/2025,05/10/2025,1,870240,870240,197,0,0,Nowzone,Loyal
KH0009838,05/10/2025,05/10/2025,1,"5,980,000","5,980,000",197,0,0,Takashimaya,Loyal
KH0009839,05/10/2025,05/10/2025,1,"230,000","230,000",197,0,0,Nowzone,Loyal
KH0009840,20/12/2025,20/12/2025,1,"1,438,000","1,438,000",121,0,0,Takashimaya,Loyal
KH0009841,05/10/2025,05/10/2025,1,"460,000","460,000",197,0,0,Takashimaya,Loyal
KH0009842,05/10/2025,16/11/2025,2,"13,595,100","6,797,550",155,1,0,Takashimaya,Loyal
KH0009843,05/10/2025,05/10/2025,1,"5,680,000","5,680,000",197,0,0,Takashimaya,Loyal
KH0009844,05/10/2025,05/10/2025,1,"580,000","580,000",197,0,0,Takashimaya,Loyal
KH0009845,07/10/2025,07/10/2025,1,"420,000","420,000",195,0,0,Event,Loyal
KH0009846,07/10/2025,07/10/2025,1,"2,340,000","2,340,000",195,0,0,Event,Loyal
KH0009847,07/10/2025,03/04/2026,3,"2,360,000","786,667",17,1,0,Event,Loyal
KH0009848,07/10/2025,07/10/2025,1,"640,000","640,000",195,0,0,Event,Loyal
KH0009849,04/10/2025,11/10/2025,2,"2,760,000","1,380,000",191,1,0,Event,
KH0009850,07/10/2025,07/10/2025,1,"1,090,000","1,090,000",195,0,0,Event,
KH0009851,07/10/2025,07/10/2025,1,"1,666,667","1,666,667",195,0,0,Zalo,
KH0009852,06/10/2025,25/10/2025,2,"6,048,800","3,024,400",177,1,0,Takashimaya,
KH0009853,09/10/2025,09/10/2025,1,"868,519","868,519",193,0,0,Zalo,
KH0009854,08/10/2025,11/12/2025,3,"7,762,000","2,587,333",130,1,0,Takashimaya,
KH0009855,10/10/2025,10/10/2025,1,"1,120,000","1,120,000",192,0,0,Internal,
KH0009856,10/10/2025,20/11/2025,2,"7,266,000","3,633,000",151,1,0,Zalo,
KH0009857,09/10/2025,09/10/2025,1,"880,000","880,000",193,0,0,Takashimaya,
KH0009858,10/10/2025,10/10/2025,1,"1,676,000","1,676,000",192,0,0,Takashimaya,
KH0009859,11/10/2025,11/10/2025,1,"3,333,333","3,333,333",191,0,0,Facebook,
KH0009860,11/10/2025,11/10/2025,1,"688,000","688,000",191,0,0,Takashimaya,
KH0009861,11/10/2025,11/10/2025,1,"3,895,000","3,895,000",191,0,0,Takashimaya,
KH0009862,11/10/2025,11/10/2025,1,"368,000","368,000",191,0,0,Takashimaya,
KH0009863,12/10/2025,12/10/2025,1,"3,360,000","3,360,000",190,0,0,Takashimaya,
KH0009864,12/10/2025,12/10/2025,1,"1,648,000","1,648,000",190,0,0,Takashimaya,
KH0009865,17/10/2025,17/10/2025,1,"750,000","750,000",185,0,0,Zalo,
KH0009866,13/10/2025,13/10/2025,1,"1,760,000","1,760,000",189,0,0,Takashimaya,
KH0009867,13/10/2025,13/10/2025,1,"1,451,852","1,451,852",189,0,0,Zalo,
KH0009868,17/10/2025,24/10/2025,2,"2,048,519","1,024,260",178,1,0,Website,
KH0009870,20/10/2025,21/10/2025,2,"2,509,630","1,254,815",181,1,0,Zalo,
KH0009871,16/10/2025,16/10/2025,1,"688,000","688,000",186,0,0,Takashimaya,
KH0009872,16/10/2025,16/10/2025,1,"1,980,000","1,980,000",186,0,0,Takashimaya,
KH0009873,17/10/2025,17/10/2025,1,"1,438,000","1,438,000",185,0,0,Takashimaya,
KH0009874,18/10/2025,18/10/2025,1,"1,376,000","1,376,000",184,0,0,Takashimaya,
KH0009875,19/10/2025,19/10/2025,1,"1,180,000","1,180,000",183,0,0,Takashimaya,
KH0009876,13/03/2025,05/12/2025,4,"100,349,100","25,087,275",136,1,0,Website,
KH0009877,19/10/2025,19/10/2025,1,"838,000","838,000",183,0,0,Takashimaya,
KH0009878,20/10/2025,20/10/2025,1,"1,376,000","1,376,000",182,0,0,Zalo,
KH0009879,20/10/2025,20/10/2025,1,"2,643,000","2,643,000",182,0,0,Nowzone,
KH0009880,20/10/2025,20/10/2025,1,"1,800,000","1,800,000",182,0,0,Zalo,
KH0009881,20/10/2025,03/04/2026,5,"22,915,000","4,583,000",17,1,0,Takashimaya,
KH0009882,21/10/2025,21/10/2025,1,"2,000,000","2,000,000",181,0,0,Internal,
KH0009883,20/10/2025,24/10/2025,2,"3,042,963","1,521,482",178,1,0,Zalo,
KH0009884,24/10/2025,24/10/2025,1,"680,000","680,000",178,0,0,Website,
KH0009885,21/10/2025,12/03/2026,2,"13,340,400","6,670,200",39,1,0,Takashimaya,
KH0009886,24/10/2025,24/10/2025,1,"3,333,333","3,333,333",178,0,0,Zalo,
KH0009887,22/10/2025,22/10/2025,1,"880,000","880,000",180,0,0,Takashimaya,
KH0009888,22/10/2025,22/10/2025,1,"2,180,000","2,180,000",180,0,0,Nowzone,
KH0009889,22/10/2025,22/10/2025,1,"3,360,000","3,360,000",180,0,0,Takashimaya,
KH0009890,23/10/2025,23/10/2025,1,"4,788,000","4,788,000",179,0,0,Takashimaya,
KH0009891,23/10/2025,23/10/2025,1,"3,938,000","3,938,000",179,0,0,Nowzone,
KH0009892,27/10/2025,27/10/2025,1,"2,000,000","2,000,000",175,0,0,Zalo,
KH0009893,24/10/2025,24/10/2025,1,"1,970,000","1,970,000",178,0,0,Nowzone,
KH0009894,24/10/2025,24/10/2025,1,"1,080,000","1,080,000",178,0,0,Nowzone,
KH0009895,27/10/2025,27/10/2025,1,"2,314,815","2,314,815",175,0,0,Zalo,
KH0009896,25/10/2025,25/10/2025,1,"2,770,000","2,770,000",177,0,0,Takashimaya,
KH0009897,26/10/2025,14/11/2025,2,"7,366,000","3,683,000",157,1,0,Nowzone,
KH0009898,26/10/2025,26/10/2025,1,"10,180,000","10,180,000",176,0,0,Takashimaya,
KH0009899,26/10/2025,26/10/2025,1,"1,280,000","1,280,000",176,0,0,Takashimaya,
KH0009900,26/10/2025,26/10/2025,1,"1,680,000","1,680,000",176,0,0,Takashimaya,
KH0009901,26/10/2025,26/10/2025,1,"880,000","880,000",176,0,0,Takashimaya,
KH0009902,27/10/2025,16/04/2026,2,"1,274,444","637,222",4,1,0,Website,
KH0009903,27/10/2025,27/10/2025,1,"1,555,556","1,555,556",175,0,0,Website,
KH0009904,30/10/2025,30/10/2025,1,"2,555,556","2,555,556",172,0,0,Website,
KH0009905,28/10/2025,28/10/2025,1,"368,000","368,000",174,0,0,Event,
KH0009906,28/10/2025,28/10/2025,1,"688,000","688,000",174,0,0,Event,
KH0009907,28/10/2025,28/10/2025,1,"688,000","688,000",174,0,0,Event,
KH0009908,28/10/2025,28/10/2025,1,"688,000","688,000",174,0,0,Event,
KH0009909,30/10/2025,11/12/2025,2,"6,980,000","3,490,000",130,1,0,Takashimaya,
KH0009910,02/11/2025,02/11/2025,1,"2,314,815","2,314,815",169,0,0,Zalo,
KH220614962,08/06/2022,08/06/2022,1,"1,080,000","1,080,000","1,412",0,1,Website,
KH220884529,08/08/2022,08/08/2022,1,"400,000","400,000","1,351",0,1,Lazada,
KH230410702,09/04/2023,18/04/2023,3,"5,830,000","1,943,333","1,098",1,1,Facebook,
KH2401094923,13/10/2024,13/10/2024,1,"6,900,000","6,900,000",554,0,1,Nowzone,
KH241152767,22/11/2024,22/11/2024,1,"450,000","450,000",514,0,1,Website,
ORT-HN-LINHMUOI,31/07/2024,31/07/2024,1,"2,240,000","2,240,000",628,0,1,Outright,